6037.89,-2500.0
6037.89,-2499.5
6037.89,-2499.0
6037.89,-2498.5
6037.89,-2498.0
6037.89,-2497.5
6037.89,-2497.0
6037.89,-2496.5
6037.89,-2496.0
6037.89,-2495.5
6037.89,-2495.0
6037.89,-2494.5
6037.89,-2494.0
6037.89,-2493.5
6037.89,-2493.0
6037.89,-2492.5
6037.89,-2492.0
6037.89,-2491.5
6037.89,-2491.0
6037.89,-2490.5
6037.89,-2490.0
6037.89,-2489.5
6037.89,-2489.0
6037.89,-2488.5
6037.89,-2488.0
6037.89,-2487.5
6037.89,-2487.0
6037.89,-2486.5
6037.89,-2486.0
6037.89,-2485.5
6037.89,-2485.0
6037.89,-2484.5
6037.89,-2484.0
6037.89,-2483.5
6037.89,-2483.0
6037.89,-2482.5
6037.89,-2482.0
6037.89,-2481.5
6037.89,-2481.0
6037.89,-2480.5
6037.89,-2480.0
6037.89,-2479.5
6037.89,-2479.0
6037.89,-2478.5
6037.89,-2478.0
6037.89,-2477.5
6037.89,-2477.0
6037.89,-2476.5
6037.89,-2476.0
6037.89,-2475.5
6037.89,-2475.0
6037.89,-2474.5
6037.89,-2474.0
6037.89,-2473.5
6037.89,-2473.0
6037.89,-2472.5
6037.89,-2472.0
6037.89,-2471.5
6037.89,-2471.0
6037.89,-2470.5
6037.89,-2470.0
6037.89,-2469.5
6037.89,-2469.0
6037.89,-2468.5
6037.89,-2468.0
6037.89,-2467.5
6037.89,-2467.0
6037.89,-2466.5
6037.89,-2466.0
6037.89,-2465.5
6037.89,-2465.0
6037.89,-2464.5
6037.89,-2464.0
6037.89,-2463.5
6037.89,-2463.0
6037.89,-2462.5
6037.89,-2462.0
6037.89,-2461.5
6037.89,-2461.0
6037.89,-2460.5
6037.89,-2460.0
6037.89,-2459.5
6037.89,-2459.0
6037.89,-2458.5
6037.89,-2458.0
6037.89,-2457.5
6037.89,-2457.0
6037.89,-2456.5
6037.89,-2456.0
6037.89,-2455.5
6037.89,-2455.0
6037.89,-2454.5
6037.89,-2454.0
6037.89,-2453.5
6037.89,-2453.0
6037.89,-2452.5
6037.89,-2452.0
6037.89,-2451.5
6037.89,-2451.0
6037.89,-2450.5
6037.89,-2450.0
6037.89,-2449.5
6037.89,-2449.0
6037.89,-2448.5
6037.89,-2448.0
6037.89,-2447.5
6037.89,-2447.0
6037.89,-2446.5
6037.89,-2446.0
6037.89,-2445.5
6037.89,-2445.0
6037.89,-2444.5
6037.89,-2444.0
6037.89,-2443.5
6037.89,-2443.0
6037.89,-2442.5
6037.89,-2442.0
6037.89,-2441.5
6037.89,-2441.0
6037.89,-2440.5
6037.89,-2440.0
6037.89,-2439.5
6037.89,-2439.0
6037.89,-2438.5
6037.89,-2438.0
6037.89,-2437.5
6037.89,-2437.0
6037.89,-2436.5
6037.89,-2436.0
6037.89,-2435.5
6037.89,-2435.0
6037.89,-2434.5
6037.89,-2434.0
6037.89,-2433.5
6037.89,-2433.0
6037.89,-2432.5
6037.89,-2432.0
6037.89,-2431.5
6037.89,-2431.0
6037.89,-2430.5
6037.89,-2430.0
6037.89,-2429.5
6037.89,-2429.0
6037.89,-2428.5
6037.89,-2428.0
6037.89,-2427.5
6037.89,-2427.0
6037.89,-2426.5
6037.89,-2426.0
6037.89,-2425.5
6037.89,-2425.0
6037.89,-2424.5
6037.89,-2424.0
6037.89,-2423.5
6037.89,-2423.0
6037.89,-2422.5
6037.89,-2422.0
6037.89,-2421.5
6037.89,-2421.0
6037.89,-2420.5
6037.89,-2420.0
6037.89,-2419.5
6037.89,-2419.0
6037.89,-2418.5
6037.89,-2418.0
6037.89,-2417.5
6037.89,-2417.0
6037.89,-2416.5
6037.89,-2416.0
6037.89,-2415.5
6037.89,-2415.0
6037.89,-2414.5
6037.89,-2414.0
6037.89,-2413.5
6037.89,-2413.0
6037.89,-2412.5
6037.89,-2412.0
6037.89,-2411.5
6037.89,-2411.0
6037.89,-2410.5
6037.89,-2410.0
6037.89,-2409.5
6037.89,-2409.0
6037.89,-2408.5
6037.89,-2408.0
6037.89,-2407.5
6037.89,-2407.0
6037.89,-2406.5
6037.89,-2406.0
6037.89,-2405.5
6037.89,-2405.0
6037.89,-2404.5
6037.89,-2404.0
6037.89,-2403.5
6037.89,-2403.0
6037.89,-2402.5
6037.89,-2402.0
6037.89,-2401.5
6037.89,-2401.0
6037.89,-2400.5
6037.89,-2400.0
6037.89,-2399.5
6037.89,-2399.0
6037.89,-2398.5
6037.89,-2398.0
6037.89,-2397.5
6037.89,-2397.0
6037.89,-2396.5
6037.89,-2396.0
6037.89,-2395.5
6037.89,-2395.0
6037.89,-2394.5
6037.89,-2394.0
6037.89,-2393.5
6037.89,-2393.0
6037.89,-2392.5
6037.89,-2392.0
6037.89,-2391.5
6037.89,-2391.0
6037.89,-2390.5
6037.89,-2390.0
6037.89,-2389.5
6037.89,-2389.0
6037.89,-2388.5
6037.89,-2388.0
6037.89,-2387.5
6037.89,-2387.0
6037.89,-2386.5
6037.89,-2386.0
6037.89,-2385.5
6037.89,-2385.0
6037.89,-2384.5
6037.89,-2384.0
6037.89,-2383.5
6037.89,-2383.0
6037.89,-2382.5
6037.89,-2382.0
6037.89,-2381.5
6037.89,-2381.0
6037.89,-2380.5
6037.89,-2380.0
6037.89,-2379.5
6037.89,-2379.0
6037.89,-2378.5
6037.89,-2378.0
6037.89,-2377.5
6037.89,-2377.0
6037.89,-2376.5
6037.89,-2376.0
6037.89,-2375.5
6037.89,-2375.0
6037.89,-2374.5
6037.89,-2374.0
6037.89,-2373.5
6037.89,-2373.0
6037.89,-2372.5
6037.89,-2372.0
6037.89,-2371.5
6037.89,-2371.0
6037.89,-2370.5
6037.89,-2370.0
6037.89,-2369.5
6037.89,-2369.0
6037.89,-2368.5
6037.89,-2368.0
6037.89,-2367.5
6037.89,-2367.0
6037.89,-2366.5
6037.89,-2366.0
6037.89,-2365.5
6037.89,-2365.0
6037.89,-2364.5
6037.89,-2364.0
6037.89,-2363.5
6037.89,-2363.0
6037.89,-2362.5
6037.89,-2362.0
6037.89,-2361.5
6037.89,-2361.0
6037.89,-2360.5
6037.89,-2360.0
6037.89,-2359.5
6037.89,-2359.0
6037.89,-2358.5
6037.89,-2358.0
6037.89,-2357.5
6037.89,-2357.0
6037.89,-2356.5
6037.89,-2356.0
6037.89,-2355.5
6037.89,-2355.0
6037.89,-2354.5
6037.89,-2354.0
6037.89,-2353.5
6037.89,-2353.0
6037.89,-2352.5
6037.89,-2352.0
6037.89,-2351.5
6037.89,-2351.0
6037.89,-2350.5
6037.89,-2350.0
6037.89,-2349.5
6037.89,-2349.0
6037.89,-2348.5
6037.89,-2348.0
6037.89,-2347.5
6037.89,-2347.0
6037.89,-2346.5
6037.89,-2346.0
6037.89,-2345.5
6037.89,-2345.0
6037.89,-2344.5
6037.89,-2344.0
6037.89,-2343.5
6037.89,-2343.0
6037.89,-2342.5
6037.89,-2342.0
6037.89,-2341.5
6037.89,-2341.0
6037.89,-2340.5
6037.89,-2340.0
6037.89,-2339.5
6037.89,-2339.0
6037.89,-2338.5
6037.89,-2338.0
6037.89,-2337.5
6037.89,-2337.0
6037.89,-2336.5
6037.89,-2336.0
6037.89,-2335.5
6037.89,-2335.0
6037.89,-2334.5
6037.89,-2334.0
6037.89,-2333.5
6037.89,-2333.0
6037.89,-2332.5
6037.89,-2332.0
6037.89,-2331.5
6037.89,-2331.0
6037.89,-2330.5
6037.89,-2330.0
6037.89,-2329.5
6037.89,-2329.0
6037.89,-2328.5
6037.89,-2328.0
6037.89,-2327.5
6037.89,-2327.0
6037.89,-2326.5
6037.89,-2326.0
6037.89,-2325.5
6037.89,-2325.0
6037.89,-2324.5
6037.89,-2324.0
6037.89,-2323.5
6037.89,-2323.0
6037.89,-2322.5
6037.89,-2322.0
6037.89,-2321.5
6037.89,-2321.0
6037.89,-2320.5
6037.89,-2320.0
6037.89,-2319.5
6037.89,-2319.0
6037.89,-2318.5
6037.89,-2318.0
6037.89,-2317.5
6037.89,-2317.0
6037.89,-2316.5
6037.89,-2316.0
6037.89,-2315.5
6037.89,-2315.0
6037.89,-2314.5
6037.89,-2314.0
6037.89,-2313.5
6037.89,-2313.0
6037.89,-2312.5
6037.89,-2312.0
6037.89,-2311.5
6037.89,-2311.0
6037.89,-2310.5
6037.89,-2310.0
6037.89,-2309.5
6037.89,-2309.0
6037.89,-2308.5
6037.89,-2308.0
6037.89,-2307.5
6037.89,-2307.0
6037.89,-2306.5
6037.89,-2306.0
6037.89,-2305.5
6037.89,-2305.0
6037.89,-2304.5
6037.89,-2304.0
6037.89,-2303.5
6037.89,-2303.0
6037.89,-2302.5
6037.89,-2302.0
6037.89,-2301.5
6037.89,-2301.0
6037.89,-2300.5
6037.89,-2300.0
6037.89,-2299.5
6037.89,-2299.0
6037.89,-2298.5
6037.89,-2298.0
6037.89,-2297.5
6037.89,-2297.0
6037.89,-2296.5
6037.89,-2296.0
6037.89,-2295.5
6037.89,-2295.0
6037.89,-2294.5
6037.89,-2294.0
6037.89,-2293.5
6037.89,-2293.0
6037.89,-2292.5
6037.89,-2292.0
6037.89,-2291.5
6037.89,-2291.0
6037.89,-2290.5
6037.89,-2290.0
6037.89,-2289.5
6037.89,-2289.0
6037.89,-2288.5
6037.89,-2288.0
6037.89,-2287.5
6037.89,-2287.0
6037.89,-2286.5
6037.89,-2286.0
6037.89,-2285.5
6037.89,-2285.0
6037.89,-2284.5
6037.89,-2284.0
6037.89,-2283.5
6037.89,-2283.0
6037.89,-2282.5
6037.89,-2282.0
6037.89,-2281.5
6037.89,-2281.0
6037.89,-2280.5
6037.89,-2280.0
6037.89,-2279.5
6037.89,-2279.0
6037.89,-2278.5
6037.89,-2278.0
6037.89,-2277.5
6037.89,-2277.0
6037.89,-2276.5
6037.89,-2276.0
6037.89,-2275.5
6037.89,-2275.0
6037.89,-2274.5
6037.89,-2274.0
6037.89,-2273.5
6037.89,-2273.0
6037.89,-2272.5
6037.89,-2272.0
6037.89,-2271.5
6037.89,-2271.0
6037.89,-2270.5
6037.89,-2270.0
6037.89,-2269.5
6037.89,-2269.0
6037.89,-2268.5
6037.89,-2268.0
6037.89,-2267.5
6037.89,-2267.0
6037.89,-2266.5
6037.89,-2266.0
6037.89,-2265.5
6037.89,-2265.0
6037.89,-2264.5
6037.89,-2264.0
6037.89,-2263.5
6037.89,-2263.0
6037.89,-2262.5
6037.89,-2262.0
6037.89,-2261.5
6037.89,-2261.0
6037.89,-2260.5
6037.89,-2260.0
6037.89,-2259.5
6037.89,-2259.0
6037.89,-2258.5
6037.89,-2258.0
6037.89,-2257.5
6037.89,-2257.0
6037.89,-2256.5
6037.89,-2256.0
6037.89,-2255.5
6037.89,-2255.0
6037.89,-2254.5
6037.89,-2254.0
6037.89,-2253.5
6037.89,-2253.0
6037.89,-2252.5
6037.89,-2252.0
6037.89,-2251.5
6037.89,-2251.0
6037.89,-2250.5
6037.89,-2250.0
6037.89,-2249.5
6037.89,-2249.0
6037.89,-2248.5
6037.89,-2248.0
6037.89,-2247.5
6037.89,-2247.0
6037.89,-2246.5
6037.89,-2246.0
6037.89,-2245.5
6037.89,-2245.0
6037.89,-2244.5
6037.89,-2244.0
6037.89,-2243.5
6037.89,-2243.0
6037.89,-2242.5
6037.89,-2242.0
6037.89,-2241.5
6037.89,-2241.0
6037.89,-2240.5
6037.89,-2240.0
6037.89,-2239.5
6037.89,-2239.0
6037.89,-2238.5
6037.89,-2238.0
6037.89,-2237.5
6037.89,-2237.0
6037.89,-2236.5
6037.89,-2236.0
6037.89,-2235.5
6037.89,-2235.0
6037.89,-2234.5
6037.89,-2234.0
6037.89,-2233.5
6037.89,-2233.0
6037.89,-2232.5
6037.89,-2232.0
6037.89,-2231.5
6037.89,-2231.0
6037.89,-2230.5
6037.89,-2230.0
6037.89,-2229.5
6037.89,-2229.0
6037.89,-2228.5
6037.89,-2228.0
6037.89,-2227.5
6037.89,-2227.0
6037.89,-2226.5
6037.89,-2226.0
6037.89,-2225.5
6037.89,-2225.0
6037.89,-2224.5
6037.89,-2224.0
6037.89,-2223.5
6037.89,-2223.0
6037.89,-2222.5
6037.89,-2222.0
6037.89,-2221.5
6037.89,-2221.0
6037.89,-2220.5
6037.89,-2220.0
6037.89,-2219.5
6037.89,-2219.0
6037.89,-2218.5
6037.89,-2218.0
6037.89,-2217.5
6037.89,-2217.0
6037.89,-2216.5
6037.89,-2216.0
6037.89,-2215.5
6037.89,-2215.0
6037.89,-2214.5
6037.89,-2214.0
6037.89,-2213.5
6037.89,-2213.0
6037.89,-2212.5
6037.89,-2212.0
6037.89,-2211.5
6037.89,-2211.0
6037.89,-2210.5
6037.89,-2210.0
6037.89,-2209.5
6037.89,-2209.0
6037.89,-2208.5
6037.89,-2208.0
6037.89,-2207.5
6037.89,-2207.0
6037.89,-2206.5
6037.89,-2206.0
6037.89,-2205.5
6037.89,-2205.0
6037.89,-2204.5
6037.89,-2204.0
6037.89,-2203.5
6037.89,-2203.0
6037.89,-2202.5
6037.89,-2202.0
6037.89,-2201.5
6037.89,-2201.0
6037.89,-2200.5
6037.89,-2200.0
6037.89,-2199.5
6037.89,-2199.0
6037.89,-2198.5
6037.89,-2198.0
6037.89,-2197.5
6037.89,-2197.0
6037.89,-2196.5
6037.89,-2196.0
6037.89,-2195.5
6037.89,-2195.0
6037.89,-2194.5
6037.89,-2194.0
6037.89,-2193.5
6037.89,-2193.0
6037.89,-2192.5
6037.89,-2192.0
6037.89,-2191.5
6037.89,-2191.0
6037.89,-2190.5
6037.89,-2190.0
6037.89,-2189.5
6037.89,-2189.0
6037.89,-2188.5
6037.89,-2188.0
6037.89,-2187.5
6037.89,-2187.0
6037.89,-2186.5
6037.89,-2186.0
6037.89,-2185.5
6037.89,-2185.0
6037.89,-2184.5
6037.89,-2184.0
6037.89,-2183.5
6037.89,-2183.0
6037.89,-2182.5
6037.89,-2182.0
6037.89,-2181.5
6037.89,-2181.0
6037.89,-2180.5
6037.89,-2180.0
6037.89,-2179.5
6037.89,-2179.0
6037.89,-2178.5
6037.89,-2178.0
6037.89,-2177.5
6037.89,-2177.0
6037.89,-2176.5
6037.89,-2176.0
6037.89,-2175.5
6037.89,-2175.0
6037.89,-2174.5
6037.89,-2174.0
6037.89,-2173.5
6037.89,-2173.0
6037.89,-2172.5
6037.89,-2172.0
6037.89,-2171.5
6037.89,-2171.0
6037.89,-2170.5
6037.89,-2170.0
6037.89,-2169.5
6037.89,-2169.0
6037.89,-2168.5
6037.89,-2168.0
6037.89,-2167.5
6037.89,-2167.0
6037.89,-2166.5
6037.89,-2166.0
6037.89,-2165.5
6037.89,-2165.0
6037.89,-2164.5
6037.89,-2164.0
6037.89,-2163.5
6037.89,-2163.0
6037.89,-2162.5
6037.89,-2162.0
6037.89,-2161.5
6037.89,-2161.0
6037.89,-2160.5
6037.89,-2160.0
6037.89,-2159.5
6037.89,-2159.0
6037.89,-2158.5
6037.89,-2158.0
6037.89,-2157.5
6037.89,-2157.0
6037.89,-2156.5
6037.89,-2156.0
6037.89,-2155.5
6037.89,-2155.0
6037.89,-2154.5
6037.89,-2154.0
6037.89,-2153.5
6037.89,-2153.0
6037.89,-2152.5
6037.89,-2152.0
6037.89,-2151.5
6037.89,-2151.0
6037.89,-2150.5
6037.89,-2150.0
6037.89,-2149.5
6037.89,-2149.0
6037.89,-2148.5
6037.89,-2148.0
6037.89,-2147.5
6037.89,-2147.0
6037.89,-2146.5
6037.89,-2146.0
6037.89,-2145.5
6037.89,-2145.0
6037.89,-2144.5
6037.89,-2144.0
6037.89,-2143.5
6037.89,-2143.0
6037.89,-2142.5
6037.89,-2142.0
6037.89,-2141.5
6037.89,-2141.0
6037.89,-2140.5
6037.89,-2140.0
6037.89,-2139.5
6037.89,-2139.0
6037.89,-2138.5
6037.89,-2138.0
6037.89,-2137.5
6037.89,-2137.0
6037.89,-2136.5
6037.89,-2136.0
6037.89,-2135.5
6037.89,-2135.0
6037.89,-2134.5
6037.89,-2134.0
6037.89,-2133.5
6037.89,-2133.0
6037.89,-2132.5
6037.89,-2132.0
6037.89,-2131.5
6037.89,-2131.0
6037.89,-2130.5
6037.89,-2130.0
6037.89,-2129.5
6037.89,-2129.0
6037.89,-2128.5
6037.89,-2128.0
6037.89,-2127.5
6037.89,-2127.0
6037.89,-2126.5
6037.89,-2126.0
6037.89,-2125.5
6037.89,-2125.0
6037.89,-2124.5
6037.89,-2124.0
6037.89,-2123.5
6037.89,-2123.0
6037.89,-2122.5
6037.89,-2122.0
6037.89,-2121.5
6037.89,-2121.0
6037.89,-2120.5
6037.89,-2120.0
6037.89,-2119.5
6037.89,-2119.0
6037.89,-2118.5
6037.89,-2118.0
6037.89,-2117.5
6037.89,-2117.0
6037.89,-2116.5
6037.89,-2116.0
6037.89,-2115.5
6037.89,-2115.0
6037.89,-2114.5
6037.89,-2114.0
6037.89,-2113.5
6037.89,-2113.0
6037.89,-2112.5
6037.89,-2112.0
6037.89,-2111.5
6037.89,-2111.0
6037.89,-2110.5
6037.89,-2110.0
6037.89,-2109.5
6037.89,-2109.0
6037.89,-2108.5
6037.89,-2108.0
6037.89,-2107.5
6037.89,-2107.0
6037.89,-2106.5
6037.89,-2106.0
6037.89,-2105.5
6037.89,-2105.0
6037.89,-2104.5
6037.89,-2104.0
6037.89,-2103.5
6037.89,-2103.0
6037.89,-2102.5
6037.89,-2102.0
6037.89,-2101.5
6037.89,-2101.0
6037.89,-2100.5
6037.89,-2100.0
6037.89,-2099.5
6037.89,-2099.0
6037.89,-2098.5
6037.89,-2098.0
6037.89,-2097.5
6037.89,-2097.0
6037.89,-2096.5
6037.89,-2096.0
6037.89,-2095.5
6037.89,-2095.0
6037.89,-2094.5
6037.89,-2094.0
6037.89,-2093.5
6037.89,-2093.0
6037.89,-2092.5
6037.89,-2092.0
6037.89,-2091.5
6037.89,-2091.0
6037.89,-2090.5
6037.89,-2090.0
6037.89,-2089.5
6037.89,-2089.0
6037.89,-2088.5
6037.89,-2088.0
6037.89,-2087.5
6037.89,-2087.0
6037.89,-2086.5
6037.89,-2086.0
6037.89,-2085.5
6037.89,-2085.0
6037.89,-2084.5
6037.89,-2084.0
6037.89,-2083.5
6037.89,-2083.0
6037.89,-2082.5
6037.89,-2082.0
6037.89,-2081.5
6037.89,-2081.0
6037.89,-2080.5
6037.89,-2080.0
6037.89,-2079.5
6037.89,-2079.0
6037.89,-2078.5
6037.89,-2078.0
6037.89,-2077.5
6037.89,-2077.0
6037.89,-2076.5
6037.89,-2076.0
6037.89,-2075.5
6037.89,-2075.0
6037.89,-2074.5
6037.89,-2074.0
6037.89,-2073.5
6037.89,-2073.0
6037.89,-2072.5
6037.89,-2072.0
6037.89,-2071.5
6037.89,-2071.0
6037.89,-2070.5
6037.89,-2070.0
6037.89,-2069.5
6037.89,-2069.0
6037.89,-2068.5
6037.89,-2068.0
6037.89,-2067.5
6037.89,-2067.0
6037.89,-2066.5
6037.89,-2066.0
6037.89,-2065.5
6037.89,-2065.0
6037.89,-2064.5
6037.89,-2064.0
6037.89,-2063.5
6037.89,-2063.0
6037.89,-2062.5
6037.89,-2062.0
6037.89,-2061.5
6037.89,-2061.0
6037.89,-2060.5
6037.89,-2060.0
6037.89,-2059.5
6037.89,-2059.0
6037.89,-2058.5
6037.89,-2058.0
6037.89,-2057.5
6037.89,-2057.0
6037.89,-2056.5
6037.89,-2056.0
6037.89,-2055.5
6037.89,-2055.0
6037.89,-2054.5
6037.89,-2054.0
6037.89,-2053.5
6037.89,-2053.0
6037.89,-2052.5
6037.89,-2052.0
6037.89,-2051.5
6037.89,-2051.0
6037.89,-2050.5
6037.89,-2050.0
6037.89,-2049.5
6037.89,-2049.0
6037.89,-2048.5
6037.89,-2048.0
6037.89,-2047.5
6037.89,-2047.0
6037.89,-2046.5
6037.89,-2046.0
6037.89,-2045.5
6037.89,-2045.0
6037.89,-2044.5
6037.89,-2044.0
6037.89,-2043.5
6037.89,-2043.0
6037.89,-2042.5
6037.89,-2042.0
6037.89,-2041.5
6037.89,-2041.0
6037.89,-2040.5
6037.89,-2040.0
6037.89,-2039.5
6037.89,-2039.0
6037.89,-2038.5
6037.89,-2038.0
6037.89,-2037.5
6037.89,-2037.0
6037.89,-2036.5
6037.89,-2036.0
6037.89,-2035.5
6037.89,-2035.0
6037.89,-2034.5
6037.89,-2034.0
6037.89,-2033.5
6037.89,-2033.0
6037.89,-2032.5
6037.89,-2032.0
6037.89,-2031.5
6037.89,-2031.0
6037.89,-2030.5
6037.89,-2030.0
6037.89,-2029.5
6037.89,-2029.0
6037.89,-2028.5
6037.89,-2028.0
6037.89,-2027.5
6037.89,-2027.0
6037.89,-2026.5
6037.89,-2026.0
6037.89,-2025.5
6037.89,-2025.0
6037.89,-2024.5
6037.89,-2024.0
6037.89,-2023.5
6037.89,-2023.0
6037.89,-2022.5
6037.89,-2022.0
6037.89,-2021.5
6037.89,-2021.0
6037.89,-2020.5
6037.89,-2020.0
6037.89,-2019.5
6037.89,-2019.0
6037.89,-2018.5
6037.89,-2018.0
6037.89,-2017.5
6037.89,-2017.0
6037.89,-2016.5
6037.89,-2016.0
6037.89,-2015.5
6037.89,-2015.0
6037.89,-2014.5
6037.89,-2014.0
6037.89,-2013.5
6037.89,-2013.0
6037.89,-2012.5
6037.89,-2012.0
6037.89,-2011.5
6037.89,-2011.0
6037.89,-2010.5
6037.89,-2010.0
6037.89,-2009.5
6037.89,-2009.0
6037.89,-2008.5
6037.89,-2008.0
6037.89,-2007.5
6037.89,-2007.0
6037.89,-2006.5
6037.89,-2006.0
6037.89,-2005.5
6037.89,-2005.0
6037.89,-2004.5
6037.89,-2004.0
6037.89,-2003.5
6037.89,-2003.0
6037.89,-2002.5
6037.89,-2002.0
6037.89,-2001.5
6037.89,-2001.0
6037.89,-2000.5
6037.89,-2000.0
6037.89,-1999.5
6037.89,-1999.0
6037.89,-1998.5
6037.89,-1998.0
6037.89,-1997.5
6037.89,-1997.0
6037.89,-1996.5
6037.89,-1996.0
6037.89,-1995.5
6037.89,-1995.0
6037.89,-1994.5
6037.89,-1994.0
6037.89,-1993.5
6037.89,-1993.0
6037.89,-1992.5
6037.89,-1992.0
6037.89,-1991.5
6037.89,-1991.0
6037.89,-1990.5
6037.89,-1990.0
6037.89,-1989.5
6037.89,-1989.0
6037.89,-1988.5
6037.89,-1988.0
6037.89,-1987.5
6037.89,-1987.0
6037.89,-1986.5
6037.89,-1986.0
6037.89,-1985.5
6037.89,-1985.0
6037.89,-1984.5
6037.89,-1984.0
6037.89,-1983.5
6037.89,-1983.0
6037.89,-1982.5
6037.89,-1982.0
6037.89,-1981.5
6037.89,-1981.0
6037.89,-1980.5
6037.89,-1980.0
6037.89,-1979.5
6037.89,-1979.0
6037.89,-1978.5
6037.89,-1978.0
6037.89,-1977.5
6037.89,-1977.0
6037.89,-1976.5
6037.89,-1976.0
6037.89,-1975.5
6037.89,-1975.0
6037.89,-1974.5
6037.89,-1974.0
6037.89,-1973.5
6037.89,-1973.0
6037.89,-1972.5
6037.89,-1972.0
6037.89,-1971.5
6037.89,-1971.0
6037.89,-1970.5
6037.89,-1970.0
6037.89,-1969.5
6037.89,-1969.0
6037.89,-1968.5
6037.89,-1968.0
6037.89,-1967.5
6037.89,-1967.0
6037.89,-1966.5
6037.89,-1966.0
6037.89,-1965.5
6037.89,-1965.0
6037.89,-1964.5
6037.89,-1964.0
6037.89,-1963.5
6037.89,-1963.0
6037.89,-1962.5
6037.89,-1962.0
6037.89,-1961.5
6037.89,-1961.0
6037.89,-1960.5
6037.89,-1960.0
6037.89,-1959.5
6037.89,-1959.0
6037.89,-1958.5
6037.89,-1958.0
6037.89,-1957.5
6037.89,-1957.0
6037.89,-1956.5
6037.89,-1956.0
6037.89,-1955.5
6037.89,-1955.0
6037.89,-1954.5
6037.89,-1954.0
6037.89,-1953.5
6037.89,-1953.0
6037.89,-1952.5
6037.89,-1952.0
6037.89,-1951.5
6037.89,-1951.0
6037.89,-1950.5
6037.89,-1950.0
6037.89,-1949.5
6037.89,-1949.0
6037.89,-1948.5
6037.89,-1948.0
6037.89,-1947.5
6037.89,-1947.0
6037.89,-1946.5
6037.89,-1946.0
6037.89,-1945.5
6037.89,-1945.0
6037.89,-1944.5
6037.89,-1944.0
6037.89,-1943.5
6037.89,-1943.0
6037.89,-1942.5
6037.89,-1942.0
6037.89,-1941.5
6037.89,-1941.0
6037.89,-1940.5
6037.89,-1940.0
6037.89,-1939.5
6037.89,-1939.0
6037.89,-1938.5
6037.89,-1938.0
6037.89,-1937.5
6037.89,-1937.0
6037.89,-1936.5
6037.89,-1936.0
6037.89,-1935.5
6037.89,-1935.0
6037.89,-1934.5
6037.89,-1934.0
6037.89,-1933.5
6037.89,-1933.0
6037.89,-1932.5
6037.89,-1932.0
6037.89,-1931.5
6037.89,-1931.0
6037.89,-1930.5
6037.89,-1930.0
6037.89,-1929.5
6037.89,-1929.0
6037.89,-1928.5
6037.89,-1928.0
6037.89,-1927.5
6037.89,-1927.0
6037.89,-1926.5
6037.89,-1926.0
6037.89,-1925.5
6037.89,-1925.0
6037.89,-1924.5
6037.89,-1924.0
6037.89,-1923.5
6037.89,-1923.0
6037.89,-1922.5
6037.89,-1922.0
6037.89,-1921.5
6037.89,-1921.0
6037.89,-1920.5
6037.89,-1920.0
6037.89,-1919.5
6037.89,-1919.0
6037.89,-1918.5
6037.89,-1918.0
6037.89,-1917.5
6037.89,-1917.0
6037.89,-1916.5
6037.89,-1916.0
6037.89,-1915.5
6037.89,-1915.0
6037.89,-1914.5
6037.89,-1914.0
6037.89,-1913.5
6037.89,-1913.0
6037.89,-1912.5
6037.89,-1912.0
6037.89,-1911.5
6037.89,-1911.0
6037.89,-1910.5
6037.89,-1910.0
6037.89,-1909.5
6037.89,-1909.0
6037.89,-1908.5
6037.89,-1908.0
6037.89,-1907.5
6037.89,-1907.0
6037.89,-1906.5
6037.89,-1906.0
6037.89,-1905.5
6037.89,-1905.0
6037.89,-1904.5
6037.89,-1904.0
6037.89,-1903.5
6037.89,-1903.0
6037.89,-1902.5
6037.89,-1902.0
6037.89,-1901.5
6037.89,-1901.0
6037.89,-1900.5
6037.89,-1900.0
6037.89,-1899.5
6037.89,-1899.0
6037.89,-1898.5
6037.89,-1898.0
6037.89,-1897.5
6037.89,-1897.0
6037.89,-1896.5
6037.89,-1896.0
6037.89,-1895.5
6037.89,-1895.0
6037.89,-1894.5
6037.89,-1894.0
6037.89,-1893.5
6037.89,-1893.0
6037.89,-1892.5
6037.89,-1892.0
6037.89,-1891.5
6037.89,-1891.0
6037.89,-1890.5
6037.89,-1890.0
6037.89,-1889.5
6037.89,-1889.0
6037.89,-1888.5
6037.89,-1888.0
6037.89,-1887.5
6037.89,-1887.0
6037.89,-1886.5
6037.89,-1886.0
6037.89,-1885.5
6037.89,-1885.0
6037.89,-1884.5
6037.89,-1884.0
6037.89,-1883.5
6037.89,-1883.0
6037.89,-1882.5
6037.89,-1882.0
6037.89,-1881.5
6037.89,-1881.0
6037.89,-1880.5
6037.89,-1880.0
6037.89,-1879.5
6037.89,-1879.0
6037.89,-1878.5
6037.89,-1878.0
6037.89,-1877.5
6037.89,-1877.0
6037.89,-1876.5
6037.89,-1876.0
6037.89,-1875.5
6037.89,-1875.0
6037.89,-1874.5
6037.89,-1874.0
6037.89,-1873.5
6037.89,-1873.0
6037.89,-1872.5
6037.89,-1872.0
6037.89,-1871.5
6037.89,-1871.0
6037.89,-1870.5
6037.89,-1870.0
6037.89,-1869.5
6037.89,-1869.0
6037.89,-1868.5
6037.89,-1868.0
6037.89,-1867.5
6037.89,-1867.0
6037.89,-1866.5
6037.89,-1866.0
6037.89,-1865.5
6037.89,-1865.0
6037.89,-1864.5
6037.89,-1864.0
6037.89,-1863.5
6037.89,-1863.0
6037.89,-1862.5
6037.89,-1862.0
6037.89,-1861.5
6037.89,-1861.0
6037.89,-1860.5
6037.89,-1860.0
6037.89,-1859.5
6037.89,-1859.0
6037.89,-1858.5
6037.89,-1858.0
6037.89,-1857.5
6037.89,-1857.0
6037.89,-1856.5
6037.89,-1856.0
6037.89,-1855.5
6037.89,-1855.0
6037.89,-1854.5
6037.89,-1854.0
6037.89,-1853.5
6037.89,-1853.0
6037.89,-1852.5
6037.89,-1852.0
6037.89,-1851.5
6037.89,-1851.0
6037.89,-1850.5
6037.89,-1850.0
6037.89,-1849.5
6037.89,-1849.0
6037.89,-1848.5
6037.89,-1848.0
6037.89,-1847.5
6037.89,-1847.0
6037.89,-1846.5
6037.89,-1846.0
6037.89,-1845.5
6037.89,-1845.0
6037.89,-1844.5
6037.89,-1844.0
6037.89,-1843.5
6037.89,-1843.0
6037.89,-1842.5
6037.89,-1842.0
6037.89,-1841.5
6037.89,-1841.0
6037.89,-1840.5
6037.89,-1840.0
6037.89,-1839.5
6037.89,-1839.0
6037.89,-1838.5
6037.89,-1838.0
6037.89,-1837.5
6037.89,-1837.0
6037.89,-1836.5
6037.89,-1836.0
6037.89,-1835.5
6037.89,-1835.0
6037.89,-1834.5
6037.89,-1834.0
6037.89,-1833.5
6037.89,-1833.0
6037.89,-1832.5
6037.89,-1832.0
6037.89,-1831.5
6037.89,-1831.0
6037.89,-1830.5
6037.89,-1830.0
6037.89,-1829.5
6037.89,-1829.0
6037.89,-1828.5
6037.89,-1828.0
6037.89,-1827.5
6037.89,-1827.0
6037.89,-1826.5
6037.89,-1826.0
6037.89,-1825.5
6037.89,-1825.0
6037.89,-1824.5
6037.89,-1824.0
6037.89,-1823.5
6037.89,-1823.0
6037.89,-1822.5
6037.89,-1822.0
6037.89,-1821.5
6037.89,-1821.0
6037.89,-1820.5
6037.89,-1820.0
6037.89,-1819.5
6037.89,-1819.0
6037.89,-1818.5
6037.89,-1818.0
6037.89,-1817.5
6037.89,-1817.0
6037.89,-1816.5
6037.89,-1816.0
6037.89,-1815.5
6037.89,-1815.0
6037.89,-1814.5
6037.89,-1814.0
6037.89,-1813.5
6037.89,-1813.0
6037.89,-1812.5
6037.89,-1812.0
6037.89,-1811.5
6037.89,-1811.0
6037.89,-1810.5
6037.89,-1810.0
6037.89,-1809.5
6037.89,-1809.0
6037.89,-1808.5
6037.89,-1808.0
6037.89,-1807.5
6037.89,-1807.0
6037.89,-1806.5
6037.89,-1806.0
6037.89,-1805.5
6037.89,-1805.0
6037.89,-1804.5
6037.89,-1804.0
6037.89,-1803.5
6037.89,-1803.0
6037.89,-1802.5
6037.89,-1802.0
6037.89,-1801.5
6037.89,-1801.0
6037.89,-1800.5
6037.89,-1800.0
6037.89,-1799.5
6037.89,-1799.0
6037.89,-1798.5
6037.89,-1798.0
6037.89,-1797.5
6037.89,-1797.0
6037.89,-1796.5
6037.89,-1796.0
6037.89,-1795.5
6037.89,-1795.0
6037.89,-1794.5
6037.89,-1794.0
6037.89,-1793.5
6037.89,-1793.0
6037.89,-1792.5
6037.89,-1792.0
6037.89,-1791.5
6037.89,-1791.0
6037.89,-1790.5
6037.89,-1790.0
6037.89,-1789.5
6037.89,-1789.0
6037.89,-1788.5
6037.89,-1788.0
6037.89,-1787.5
6037.89,-1787.0
6037.89,-1786.5
6037.89,-1786.0
6037.89,-1785.5
6037.89,-1785.0
6037.89,-1784.5
6037.89,-1784.0
6037.89,-1783.5
6037.89,-1783.0
6037.89,-1782.5
6037.89,-1782.0
6037.89,-1781.5
6037.89,-1781.0
6037.89,-1780.5
6037.89,-1780.0
6037.89,-1779.5
6037.89,-1779.0
6037.89,-1778.5
6037.89,-1778.0
6037.89,-1777.5
6037.89,-1777.0
6037.89,-1776.5
6037.89,-1776.0
6037.89,-1775.5
6037.89,-1775.0
6037.89,-1774.5
6037.89,-1774.0
6037.89,-1773.5
6037.89,-1773.0
6037.89,-1772.5
6037.89,-1772.0
6037.89,-1771.5
6037.89,-1771.0
6037.89,-1770.5
6037.89,-1770.0
6037.89,-1769.5
6037.89,-1769.0
6037.89,-1768.5
6037.89,-1768.0
6037.89,-1767.5
6037.89,-1767.0
6037.89,-1766.5
6037.89,-1766.0
6037.89,-1765.5
6037.89,-1765.0
6037.89,-1764.5
6037.89,-1764.0
6037.89,-1763.5
6037.89,-1763.0
6037.89,-1762.5
6037.89,-1762.0
6037.89,-1761.5
6037.89,-1761.0
6037.89,-1760.5
6037.89,-1760.0
6037.89,-1759.5
6037.89,-1759.0
6037.89,-1758.5
6037.89,-1758.0
6037.89,-1757.5
6037.89,-1757.0
6037.89,-1756.5
6037.89,-1756.0
6037.89,-1755.5
6037.89,-1755.0
6037.89,-1754.5
6037.89,-1754.0
6037.89,-1753.5
6037.89,-1753.0
6037.89,-1752.5
6037.89,-1752.0
6037.89,-1751.5
6037.89,-1751.0
6037.89,-1750.5
6037.89,-1750.0
6037.89,-1749.5
6037.89,-1749.0
6037.89,-1748.5
6037.89,-1748.0
6037.89,-1747.5
6037.89,-1747.0
6037.89,-1746.5
6037.89,-1746.0
6037.89,-1745.5
6037.89,-1745.0
6037.89,-1744.5
6037.89,-1744.0
6037.89,-1743.5
6037.89,-1743.0
6037.89,-1742.5
6037.89,-1742.0
6037.89,-1741.5
6037.89,-1741.0
6037.89,-1740.5
6037.89,-1740.0
6037.89,-1739.5
6037.89,-1739.0
6037.89,-1738.5
6037.89,-1738.0
6037.89,-1737.5
6037.89,-1737.0
6037.89,-1736.5
6037.89,-1736.0
6037.89,-1735.5
6037.89,-1735.0
6037.89,-1734.5
6037.89,-1734.0
6037.89,-1733.5
6037.89,-1733.0
6037.89,-1732.5
6037.89,-1732.0
6037.89,-1731.5
6037.89,-1731.0
6037.89,-1730.5
6037.89,-1730.0
6037.89,-1729.5
6037.89,-1729.0
6037.89,-1728.5
6037.89,-1728.0
6037.89,-1727.5
6037.89,-1727.0
6037.89,-1726.5
6037.89,-1726.0
6037.89,-1725.5
6037.89,-1725.0
6037.89,-1724.5
6037.89,-1724.0
6037.89,-1723.5
6037.89,-1723.0
6037.89,-1722.5
6037.89,-1722.0
6037.89,-1721.5
6037.89,-1721.0
6037.89,-1720.5
6037.89,-1720.0
6037.89,-1719.5
6037.89,-1719.0
6037.89,-1718.5
6037.89,-1718.0
6037.89,-1717.5
6037.89,-1717.0
6037.89,-1716.5
6037.89,-1716.0
6037.89,-1715.5
6037.89,-1715.0
6037.89,-1714.5
6037.89,-1714.0
6037.89,-1713.5
6037.89,-1713.0
6037.89,-1712.5
6037.89,-1712.0
6037.89,-1711.5
6037.89,-1711.0
6037.89,-1710.5
6037.89,-1710.0
6037.89,-1709.5
6037.89,-1709.0
6037.89,-1708.5
6037.89,-1708.0
6037.89,-1707.5
6037.89,-1707.0
6037.89,-1706.5
6037.89,-1706.0
6037.89,-1705.5
6037.89,-1705.0
6037.89,-1704.5
6037.89,-1704.0
6037.89,-1703.5
6037.89,-1703.0
6037.89,-1702.5
6037.89,-1702.0
6037.89,-1701.5
6037.89,-1701.0
6037.89,-1700.5
6037.89,-1700.0
6037.89,-1699.5
6037.89,-1699.0
6037.89,-1698.5
6037.89,-1698.0
6037.89,-1697.5
6037.89,-1697.0
6037.89,-1696.5
6037.89,-1696.0
6037.89,-1695.5
6037.89,-1695.0
6037.89,-1694.5
6037.89,-1694.0
6037.89,-1693.5
6037.89,-1693.0
6037.89,-1692.5
6037.89,-1692.0
6037.89,-1691.5
6037.89,-1691.0
6037.89,-1690.5
6037.89,-1690.0
6037.89,-1689.5
6037.89,-1689.0
6037.89,-1688.5
6037.89,-1688.0
6037.89,-1687.5
6037.89,-1687.0
6037.89,-1686.5
6037.89,-1686.0
6037.89,-1685.5
6037.89,-1685.0
6037.89,-1684.5
6037.89,-1684.0
6037.89,-1683.5
6037.89,-1683.0
6037.89,-1682.5
6037.89,-1682.0
6037.89,-1681.5
6037.89,-1681.0
6037.89,-1680.5
6037.89,-1680.0
6037.89,-1679.5
6037.89,-1679.0
6037.89,-1678.5
6037.89,-1678.0
6037.89,-1677.5
6037.89,-1677.0
6037.89,-1676.5
6037.89,-1676.0
6037.89,-1675.5
6037.89,-1675.0
6037.89,-1674.5
6037.89,-1674.0
6037.89,-1673.5
6037.89,-1673.0
6037.89,-1672.5
6037.89,-1672.0
6037.89,-1671.5
6037.89,-1671.0
6037.89,-1670.5
6037.89,-1670.0
6037.89,-1669.5
6037.89,-1669.0
6037.89,-1668.5
6037.89,-1668.0
6037.89,-1667.5
6037.89,-1667.0
6037.89,-1666.5
6037.89,-1666.0
6037.89,-1665.5
6037.89,-1665.0
6037.89,-1664.5
6037.89,-1664.0
6037.89,-1663.5
6037.89,-1663.0
6037.89,-1662.5
6037.89,-1662.0
6037.89,-1661.5
6037.89,-1661.0
6037.89,-1660.5
6037.89,-1660.0
6037.89,-1659.5
6037.89,-1659.0
6037.89,-1658.5
6037.89,-1658.0
6037.89,-1657.5
6037.89,-1657.0
6037.89,-1656.5
6037.89,-1656.0
6037.89,-1655.5
6037.89,-1655.0
6037.89,-1654.5
6037.89,-1654.0
6037.89,-1653.5
6037.89,-1653.0
6037.89,-1652.5
6037.89,-1652.0
6037.89,-1651.5
6037.89,-1651.0
6037.89,-1650.5
6037.89,-1650.0
6037.89,-1649.5
6037.89,-1649.0
6037.89,-1648.5
6037.89,-1648.0
6037.89,-1647.5
6037.89,-1647.0
6037.89,-1646.5
6037.89,-1646.0
6037.89,-1645.5
6037.89,-1645.0
6037.89,-1644.5
6037.89,-1644.0
6037.89,-1643.5
6037.89,-1643.0
6037.89,-1642.5
6037.89,-1642.0
6037.89,-1641.5
6037.89,-1641.0
6037.89,-1640.5
6037.89,-1640.0
6037.89,-1639.5
6037.89,-1639.0
6037.89,-1638.5
6037.89,-1638.0
6037.89,-1637.5
6037.89,-1637.0
6037.89,-1636.5
6037.89,-1636.0
6037.89,-1635.5
6037.89,-1635.0
6037.89,-1634.5
6037.89,-1634.0
6037.89,-1633.5
6037.89,-1633.0
6037.89,-1632.5
6037.89,-1632.0
6037.89,-1631.5
6037.89,-1631.0
6037.89,-1630.5
6037.89,-1630.0
6037.89,-1629.5
6037.89,-1629.0
6037.89,-1628.5
6037.89,-1628.0
6037.89,-1627.5
6037.89,-1627.0
6037.89,-1626.5
6037.89,-1626.0
6037.89,-1625.5
6037.89,-1625.0
6037.89,-1624.5
6037.89,-1624.0
6037.89,-1623.5
6037.89,-1623.0
6037.89,-1622.5
6037.89,-1622.0
6037.89,-1621.5
6037.89,-1621.0
6037.89,-1620.5
6037.89,-1620.0
6037.89,-1619.5
6037.89,-1619.0
6037.89,-1618.5
6037.89,-1618.0
6037.89,-1617.5
6037.89,-1617.0
6037.89,-1616.5
6037.89,-1616.0
6037.89,-1615.5
6037.89,-1615.0
6037.89,-1614.5
6037.89,-1614.0
6037.89,-1613.5
6037.89,-1613.0
6037.89,-1612.5
6037.89,-1612.0
6037.89,-1611.5
6037.89,-1611.0
6037.89,-1610.5
6037.89,-1610.0
6037.89,-1609.5
6037.89,-1609.0
6037.89,-1608.5
6037.89,-1608.0
6037.89,-1607.5
6037.89,-1607.0
6037.89,-1606.5
6037.89,-1606.0
6037.89,-1605.5
6037.89,-1605.0
6037.89,-1604.5
6037.89,-1604.0
6037.89,-1603.5
6037.89,-1603.0
6037.89,-1602.5
6037.89,-1602.0
6037.89,-1601.5
6037.89,-1601.0
6037.89,-1600.5
6037.89,-1600.0
6037.89,-1599.5
6037.89,-1599.0
6037.89,-1598.5
6037.89,-1598.0
6037.89,-1597.5
6037.89,-1597.0
6037.89,-1596.5
6037.89,-1596.0
6037.89,-1595.5
6037.89,-1595.0
6037.89,-1594.5
6037.89,-1594.0
6037.89,-1593.5
6037.89,-1593.0
6037.89,-1592.5
6037.89,-1592.0
6037.89,-1591.5
6037.89,-1591.0
6037.89,-1590.5
6037.89,-1590.0
6037.89,-1589.5
6037.89,-1589.0
6037.89,-1588.5
6037.89,-1588.0
6037.89,-1587.5
6037.89,-1587.0
6037.89,-1586.5
6037.89,-1586.0
6037.89,-1585.5
6037.89,-1585.0
6037.89,-1584.5
6037.89,-1584.0
6037.89,-1583.5
6037.89,-1583.0
6037.89,-1582.5
6037.89,-1582.0
6037.89,-1581.5
6037.89,-1581.0
6037.89,-1580.5
6037.89,-1580.0
6037.89,-1579.5
6037.89,-1579.0
6037.89,-1578.5
6037.89,-1578.0
6037.89,-1577.5
6037.89,-1577.0
6037.89,-1576.5
6037.89,-1576.0
6037.89,-1575.5
6037.89,-1575.0
6037.89,-1574.5
6037.89,-1574.0
6037.89,-1573.5
6037.89,-1573.0
6037.89,-1572.5
6037.89,-1572.0
6037.89,-1571.5
6037.89,-1571.0
6037.89,-1570.5
6037.89,-1570.0
6037.89,-1569.5
6037.89,-1569.0
6037.89,-1568.5
6037.89,-1568.0
6037.89,-1567.5
6037.89,-1567.0
6037.89,-1566.5
6037.89,-1566.0
6037.89,-1565.5
6037.89,-1565.0
6037.89,-1564.5
6037.89,-1564.0
6037.89,-1563.5
6037.89,-1563.0
6037.89,-1562.5
6037.89,-1562.0
6037.89,-1561.5
6037.89,-1561.0
6037.89,-1560.5
6037.89,-1560.0
6037.89,-1559.5
6037.89,-1559.0
6037.89,-1558.5
6037.89,-1558.0
6037.89,-1557.5
6037.89,-1557.0
6037.89,-1556.5
6037.89,-1556.0
6037.89,-1555.5
6037.89,-1555.0
6037.89,-1554.5
6037.89,-1554.0
6037.89,-1553.5
6037.89,-1553.0
6037.89,-1552.5
6037.89,-1552.0
6037.89,-1551.5
6037.89,-1551.0
6037.89,-1550.5
6037.89,-1550.0
6037.89,-1549.5
6037.89,-1549.0
6037.89,-1548.5
6037.89,-1548.0
6037.89,-1547.5
6037.89,-1547.0
6037.89,-1546.5
6037.89,-1546.0
6037.89,-1545.5
6037.89,-1545.0
6037.89,-1544.5
6037.89,-1544.0
6037.89,-1543.5
6037.89,-1543.0
6037.89,-1542.5
6037.89,-1542.0
6037.89,-1541.5
6037.89,-1541.0
6037.89,-1540.5
6037.89,-1540.0
6037.89,-1539.5
6037.89,-1539.0
6037.89,-1538.5
6037.89,-1538.0
6037.89,-1537.5
6037.89,-1537.0
6037.89,-1536.5
6037.89,-1536.0
6037.89,-1535.5
6037.89,-1535.0
6037.89,-1534.5
6037.89,-1534.0
6037.89,-1533.5
6037.89,-1533.0
6037.89,-1532.5
6037.89,-1532.0
6037.89,-1531.5
6037.89,-1531.0
6037.89,-1530.5
6037.89,-1530.0
6037.89,-1529.5
6037.89,-1529.0
6037.89,-1528.5
6037.89,-1528.0
6037.89,-1527.5
6037.89,-1527.0
6037.89,-1526.5
6037.89,-1526.0
6037.89,-1525.5
6037.89,-1525.0
6037.89,-1524.5
6037.89,-1524.0
6037.89,-1523.5
6037.89,-1523.0
6037.89,-1522.5
6037.89,-1522.0
6037.89,-1521.5
6037.89,-1521.0
6037.89,-1520.5
6037.89,-1520.0
6037.89,-1519.5
6037.89,-1519.0
6037.89,-1518.5
6037.89,-1518.0
6037.89,-1517.5
6037.89,-1517.0
6037.89,-1516.5
6037.89,-1516.0
6037.89,-1515.5
6037.89,-1515.0
6037.89,-1514.5
6037.89,-1514.0
6037.89,-1513.5
6037.89,-1513.0
6037.89,-1512.5
6037.89,-1512.0
6037.89,-1511.5
6037.89,-1511.0
6037.89,-1510.5
6037.89,-1510.0
6037.89,-1509.5
6037.89,-1509.0
6037.89,-1508.5
6037.89,-1508.0
6037.89,-1507.5
6037.89,-1507.0
6037.89,-1506.5
6037.89,-1506.0
6037.89,-1505.5
6037.89,-1505.0
6037.89,-1504.5
6037.89,-1504.0
6037.89,-1503.5
6037.89,-1503.0
6037.89,-1502.5
6037.89,-1502.0
6037.89,-1501.5
6037.89,-1501.0
6037.89,-1500.5
6037.89,-1500.0
6037.89,-1499.5
6037.89,-1499.0
6037.89,-1498.5
6037.89,-1498.0
6037.89,-1497.5
6037.89,-1497.0
6037.89,-1496.5
6037.89,-1496.0
6037.89,-1495.5
6037.89,-1495.0
6037.89,-1494.5
6037.89,-1494.0
6037.89,-1493.5
6037.89,-1493.0
6037.89,-1492.5
6037.89,-1492.0
6037.89,-1491.5
6037.89,-1491.0
6037.89,-1490.5
6037.89,-1490.0
6037.89,-1489.5
6037.89,-1489.0
6037.89,-1488.5
6037.89,-1488.0
6037.89,-1487.5
6037.89,-1487.0
6037.89,-1486.5
6037.89,-1486.0
6037.89,-1485.5
6037.89,-1485.0
6037.89,-1484.5
6037.89,-1484.0
6037.89,-1483.5
6037.89,-1483.0
6037.89,-1482.5
6037.89,-1482.0
6037.89,-1481.5
6037.89,-1481.0
6037.89,-1480.5
6037.89,-1480.0
6037.89,-1479.5
6037.89,-1479.0
6037.89,-1478.5
6037.89,-1478.0
6037.89,-1477.5
6037.89,-1477.0
6037.89,-1476.5
6037.89,-1476.0
6037.89,-1475.5
6037.89,-1475.0
6037.89,-1474.5
6037.89,-1474.0
6037.89,-1473.5
6037.89,-1473.0
6037.89,-1472.5
6037.89,-1472.0
6037.89,-1471.5
6037.89,-1471.0
6037.89,-1470.5
6037.89,-1470.0
6037.89,-1469.5
6037.89,-1469.0
6037.89,-1468.5
6037.89,-1468.0
6037.89,-1467.5
6037.89,-1467.0
6037.89,-1466.5
6037.89,-1466.0
6037.89,-1465.5
6037.89,-1465.0
6037.89,-1464.5
6037.89,-1464.0
6037.89,-1463.5
6037.89,-1463.0
6037.89,-1462.5
6037.89,-1462.0
6037.89,-1461.5
6037.89,-1461.0
6037.89,-1460.5
6037.89,-1460.0
6037.89,-1459.5
6037.89,-1459.0
6037.89,-1458.5
6037.89,-1458.0
6037.89,-1457.5
6037.89,-1457.0
6037.89,-1456.5
6037.89,-1456.0
6037.89,-1455.5
6037.89,-1455.0
6037.89,-1454.5
6037.89,-1454.0
6037.89,-1453.5
6037.89,-1453.0
6037.89,-1452.5
6037.89,-1452.0
6037.89,-1451.5
6037.89,-1451.0
6037.89,-1450.5
6037.89,-1450.0
6037.89,-1449.5
6037.89,-1449.0
6037.89,-1448.5
6037.89,-1448.0
6037.89,-1447.5
6037.89,-1447.0
6037.89,-1446.5
6037.89,-1446.0
6037.89,-1445.5
6037.89,-1445.0
6037.89,-1444.5
6037.89,-1444.0
6037.89,-1443.5
6037.89,-1443.0
6037.89,-1442.5
6037.89,-1442.0
6037.89,-1441.5
6037.89,-1441.0
6037.89,-1440.5
6037.89,-1440.0
6037.89,-1439.5
6037.89,-1439.0
6037.89,-1438.5
6037.89,-1438.0
6037.89,-1437.5
6037.89,-1437.0
6037.89,-1436.5
6037.89,-1436.0
6037.89,-1435.5
6037.89,-1435.0
6037.89,-1434.5
6037.89,-1434.0
6037.89,-1433.5
6037.89,-1433.0
6037.89,-1432.5
6037.89,-1432.0
6037.89,-1431.5
6037.89,-1431.0
6037.89,-1430.5
6037.89,-1430.0
6037.89,-1429.5
6037.89,-1429.0
6037.89,-1428.5
6037.89,-1428.0
6037.89,-1427.5
6037.89,-1427.0
6037.89,-1426.5
6037.89,-1426.0
6037.89,-1425.5
6037.89,-1425.0
6037.89,-1424.5
6037.89,-1424.0
6037.89,-1423.5
6037.89,-1423.0
6037.89,-1422.5
6037.89,-1422.0
6037.89,-1421.5
6037.89,-1421.0
6037.89,-1420.5
6037.89,-1420.0
6037.89,-1419.5
6037.89,-1419.0
6037.89,-1418.5
6037.89,-1418.0
6037.89,-1417.5
6037.89,-1417.0
6037.89,-1416.5
6037.89,-1416.0
6037.89,-1415.5
6037.89,-1415.0
6037.89,-1414.5
6037.89,-1414.0
6037.89,-1413.5
6037.89,-1413.0
6037.89,-1412.5
6037.89,-1412.0
6037.89,-1411.5
6037.89,-1411.0
6037.89,-1410.5
6037.89,-1410.0
6037.89,-1409.5
6037.89,-1409.0
6037.89,-1408.5
6037.89,-1408.0
6037.89,-1407.5
6037.89,-1407.0
6037.89,-1406.5
6037.89,-1406.0
6037.89,-1405.5
6037.89,-1405.0
6037.89,-1404.5
6037.89,-1404.0
6037.89,-1403.5
6037.89,-1403.0
6037.89,-1402.5
6037.89,-1402.0
6037.89,-1401.5
6037.89,-1401.0
6037.89,-1400.5
6037.89,-1400.0
6037.89,-1399.5
6037.89,-1399.0
6037.89,-1398.5
6037.89,-1398.0
6037.89,-1397.5
6037.89,-1397.0
6037.89,-1396.5
6037.89,-1396.0
6037.89,-1395.5
6037.89,-1395.0
6037.89,-1394.5
6037.89,-1394.0
6037.89,-1393.5
6037.89,-1393.0
6037.89,-1392.5
6037.89,-1392.0
6037.89,-1391.5
6037.89,-1391.0
6037.89,-1390.5
6037.89,-1390.0
6037.89,-1389.5
6037.89,-1389.0
6037.89,-1388.5
6037.89,-1388.0
6037.89,-1387.5
6037.89,-1387.0
6037.89,-1386.5
6037.89,-1386.0
6037.89,-1385.5
6037.89,-1385.0
6037.89,-1384.5
6037.89,-1384.0
6037.89,-1383.5
6037.89,-1383.0
6037.89,-1382.5
6037.89,-1382.0
6037.89,-1381.5
6037.89,-1381.0
6037.89,-1380.5
6037.89,-1380.0
6037.89,-1379.5
6037.89,-1379.0
6037.89,-1378.5
6037.89,-1378.0
6037.89,-1377.5
6037.89,-1377.0
6037.89,-1376.5
6037.89,-1376.0
6037.89,-1375.5
6037.89,-1375.0
6037.89,-1374.5
6037.89,-1374.0
6037.89,-1373.5
6037.89,-1373.0
6037.89,-1372.5
6037.89,-1372.0
6037.89,-1371.5
6037.89,-1371.0
6037.89,-1370.5
6037.89,-1370.0
6037.89,-1369.5
6037.89,-1369.0
6037.89,-1368.5
6037.89,-1368.0
6037.89,-1367.5
6037.89,-1367.0
6037.89,-1366.5
6037.89,-1366.0
6037.89,-1365.5
6037.89,-1365.0
6037.89,-1364.5
6037.89,-1364.0
6037.89,-1363.5
6037.89,-1363.0
6037.89,-1362.5
6037.89,-1362.0
6037.89,-1361.5
6037.89,-1361.0
6037.89,-1360.5
6037.89,-1360.0
6037.89,-1359.5
6037.89,-1359.0
6037.89,-1358.5
6037.89,-1358.0
6037.89,-1357.5
6037.89,-1357.0
6037.89,-1356.5
6037.89,-1356.0
6037.89,-1355.5
6037.89,-1355.0
6037.89,-1354.5
6037.89,-1354.0
6037.89,-1353.5
6037.89,-1353.0
6037.89,-1352.5
6037.89,-1352.0
6037.89,-1351.5
6037.89,-1351.0
6037.89,-1350.5
6037.89,-1350.0
6037.89,-1349.5
6037.89,-1349.0
6037.89,-1348.5
6037.89,-1348.0
6037.89,-1347.5
6037.89,-1347.0
6037.89,-1346.5
6037.89,-1346.0
6037.89,-1345.5
6037.89,-1345.0
6037.89,-1344.5
6037.89,-1344.0
6037.89,-1343.5
6037.89,-1343.0
6037.89,-1342.5
6037.89,-1342.0
6037.89,-1341.5
6037.89,-1341.0
6037.89,-1340.5
6037.89,-1340.0
6037.89,-1339.5
6037.89,-1339.0
6037.89,-1338.5
6037.89,-1338.0
6037.89,-1337.5
6037.89,-1337.0
6037.89,-1336.5
6037.89,-1336.0
6037.89,-1335.5
6037.89,-1335.0
6037.89,-1334.5
6037.89,-1334.0
6037.89,-1333.5
6037.89,-1333.0
6037.89,-1332.5
6037.89,-1332.0
6037.89,-1331.5
6037.89,-1331.0
6037.89,-1330.5
6037.89,-1330.0
6037.89,-1329.5
6037.89,-1329.0
6037.89,-1328.5
6037.89,-1328.0
6037.89,-1327.5
6037.89,-1327.0
6037.89,-1326.5
6037.89,-1326.0
6037.89,-1325.5
6037.89,-1325.0
6037.89,-1324.5
6037.89,-1324.0
6037.89,-1323.5
6037.89,-1323.0
6037.89,-1322.5
6037.89,-1322.0
6037.89,-1321.5
6037.89,-1321.0
6037.89,-1320.5
6037.89,-1320.0
6037.89,-1319.5
6037.89,-1319.0
6037.89,-1318.5
6037.89,-1318.0
6037.89,-1317.5
6037.89,-1317.0
6037.89,-1316.5
6037.89,-1316.0
6037.89,-1315.5
6037.89,-1315.0
6037.89,-1314.5
6037.89,-1314.0
6037.89,-1313.5
6037.89,-1313.0
6037.89,-1312.5
6037.89,-1312.0
6037.89,-1311.5
6037.89,-1311.0
6037.89,-1310.5
6037.89,-1310.0
6037.89,-1309.5
6037.89,-1309.0
6037.89,-1308.5
6037.89,-1308.0
6037.89,-1307.5
6037.89,-1307.0
6037.89,-1306.5
6037.89,-1306.0
6037.89,-1305.5
6037.89,-1305.0
6037.89,-1304.5
6037.89,-1304.0
6037.89,-1303.5
6037.89,-1303.0
6037.89,-1302.5
6037.89,-1302.0
6037.89,-1301.5
6037.89,-1301.0
6037.89,-1300.5
6037.89,-1300.0
6037.89,-1299.5
6037.89,-1299.0
6037.89,-1298.5
6037.89,-1298.0
6037.89,-1297.5
6037.89,-1297.0
6037.89,-1296.5
6037.89,-1296.0
6037.89,-1295.5
6037.89,-1295.0
6037.89,-1294.5
6037.89,-1294.0
6037.89,-1293.5
6037.89,-1293.0
6037.89,-1292.5
6037.89,-1292.0
6037.89,-1291.5
6037.89,-1291.0
6037.89,-1290.5
6037.89,-1290.0
6037.89,-1289.5
6037.89,-1289.0
6037.89,-1288.5
6037.89,-1288.0
6037.89,-1287.5
6037.89,-1287.0
6037.89,-1286.5
6037.89,-1286.0
6037.89,-1285.5
6037.89,-1285.0
6037.89,-1284.5
6037.89,-1284.0
6037.89,-1283.5
6037.89,-1283.0
6037.89,-1282.5
6037.89,-1282.0
6037.89,-1281.5
6037.89,-1281.0
6037.89,-1280.5
6037.89,-1280.0
6037.89,-1279.5
6037.89,-1279.0
6037.89,-1278.5
6037.89,-1278.0
6037.89,-1277.5
6037.89,-1277.0
6037.89,-1276.5
6037.89,-1276.0
6037.89,-1275.5
6037.89,-1275.0
6037.89,-1274.5
6037.89,-1274.0
6037.89,-1273.5
6037.89,-1273.0
6037.89,-1272.5
6037.89,-1272.0
6037.89,-1271.5
6037.89,-1271.0
6037.89,-1270.5
6037.89,-1270.0
6037.89,-1269.5
6037.89,-1269.0
6037.89,-1268.5
6037.89,-1268.0
6037.89,-1267.5
6037.89,-1267.0
6037.89,-1266.5
6037.89,-1266.0
6037.89,-1265.5
6037.89,-1265.0
6037.89,-1264.5
6037.89,-1264.0
6037.89,-1263.5
6037.89,-1263.0
6037.89,-1262.5
6037.89,-1262.0
6037.89,-1261.5
6037.89,-1261.0
6037.89,-1260.5
6037.89,-1260.0
6037.89,-1259.5
6037.89,-1259.0
6037.89,-1258.5
6037.89,-1258.0
6037.89,-1257.5
6037.89,-1257.0
6037.89,-1256.5
6037.89,-1256.0
6037.89,-1255.5
6037.89,-1255.0
6037.89,-1254.5
6037.89,-1254.0
6037.89,-1253.5
6037.89,-1253.0
6037.89,-1252.5
6037.89,-1252.0
6037.89,-1251.5
6037.89,-1251.0
6037.89,-1250.5
6037.89,-1250.0
6037.89,-1249.5
6037.89,-1249.0
6037.89,-1248.5
6037.89,-1248.0
6037.89,-1247.5
6037.89,-1247.0
6037.89,-1246.5
6037.89,-1246.0
6037.89,-1245.5
6037.89,-1245.0
6037.89,-1244.5
6037.89,-1244.0
6037.89,-1243.5
6037.89,-1243.0
6037.89,-1242.5
6037.89,-1242.0
6037.89,-1241.5
6037.89,-1241.0
6037.89,-1240.5
6037.89,-1240.0
6037.89,-1239.5
6037.89,-1239.0
6037.89,-1238.5
6037.89,-1238.0
6037.89,-1237.5
6037.89,-1237.0
6037.89,-1236.5
6037.89,-1236.0
6037.89,-1235.5
6037.89,-1235.0
6037.89,-1234.5
6037.89,-1234.0
6037.89,-1233.5
6037.89,-1233.0
6037.89,-1232.5
6037.89,-1232.0
6037.89,-1231.5
6037.89,-1231.0
6037.89,-1230.5
6037.89,-1230.0
6037.89,-1229.5
6037.89,-1229.0
6037.89,-1228.5
6037.89,-1228.0
6037.89,-1227.5
6037.89,-1227.0
6037.89,-1226.5
6037.89,-1226.0
6037.89,-1225.5
6037.89,-1225.0
6037.89,-1224.5
6037.89,-1224.0
6037.89,-1223.5
6037.89,-1223.0
6037.89,-1222.5
6037.89,-1222.0
6037.89,-1221.5
6037.89,-1221.0
6037.89,-1220.5
6037.89,-1220.0
6037.89,-1219.5
6037.89,-1219.0
6037.89,-1218.5
6037.89,-1218.0
6037.89,-1217.5
6037.89,-1217.0
6037.89,-1216.5
6037.89,-1216.0
6037.89,-1215.5
6037.89,-1215.0
6037.89,-1214.5
6037.89,-1214.0
6037.89,-1213.5
6037.89,-1213.0
6037.89,-1212.5
6037.89,-1212.0
6037.89,-1211.5
6037.89,-1211.0
6037.89,-1210.5
6037.89,-1210.0
6037.89,-1209.5
6037.89,-1209.0
6037.89,-1208.5
6037.89,-1208.0
6037.89,-1207.5
6037.89,-1207.0
6037.89,-1206.5
6037.89,-1206.0
6037.89,-1205.5
6037.89,-1205.0
6037.89,-1204.5
6037.89,-1204.0
6037.89,-1203.5
6037.89,-1203.0
6037.89,-1202.5
6037.89,-1202.0
6037.89,-1201.5
6037.89,-1201.0
6037.89,-1200.5
6037.89,-1200.0
6037.89,-1199.5
6037.89,-1199.0
6037.89,-1198.5
6037.89,-1198.0
6037.89,-1197.5
6037.89,-1197.0
6037.89,-1196.5
6037.89,-1196.0
6037.89,-1195.5
6037.89,-1195.0
6037.89,-1194.5
6037.89,-1194.0
6037.89,-1193.5
6037.89,-1193.0
6037.89,-1192.5
6037.89,-1192.0
6037.89,-1191.5
6037.89,-1191.0
6037.89,-1190.5
6037.89,-1190.0
6037.89,-1189.5
6037.89,-1189.0
6037.89,-1188.5
6037.89,-1188.0
6037.89,-1187.5
6037.89,-1187.0
6037.89,-1186.5
6037.89,-1186.0
6037.89,-1185.5
6037.89,-1185.0
6037.89,-1184.5
6037.89,-1184.0
6037.89,-1183.5
6037.89,-1183.0
6037.89,-1182.5
6037.89,-1182.0
6037.89,-1181.5
6037.89,-1181.0
6037.89,-1180.5
6037.89,-1180.0
6037.89,-1179.5
6037.89,-1179.0
6037.89,-1178.5
6037.89,-1178.0
6037.89,-1177.5
6037.89,-1177.0
6037.89,-1176.5
6037.89,-1176.0
6037.89,-1175.5
6037.89,-1175.0
6037.89,-1174.5
6037.89,-1174.0
6037.89,-1173.5
6037.89,-1173.0
6037.89,-1172.5
6037.89,-1172.0
6037.89,-1171.5
6037.89,-1171.0
6037.89,-1170.5
6037.89,-1170.0
6037.89,-1169.5
6037.89,-1169.0
6037.89,-1168.5
6037.89,-1168.0
6037.89,-1167.5
6037.89,-1167.0
6037.89,-1166.5
6037.89,-1166.0
6037.89,-1165.5
6037.89,-1165.0
6037.89,-1164.5
6037.89,-1164.0
6037.89,-1163.5
6037.89,-1163.0
6037.89,-1162.5
6037.89,-1162.0
6037.89,-1161.5
6037.89,-1161.0
6037.89,-1160.5
6037.89,-1160.0
6037.89,-1159.5
6037.89,-1159.0
6037.89,-1158.5
6037.89,-1158.0
6037.89,-1157.5
6037.89,-1157.0
6037.89,-1156.5
6037.89,-1156.0
6037.89,-1155.5
6037.89,-1155.0
6037.89,-1154.5
6037.89,-1154.0
6037.89,-1153.5
6037.89,-1153.0
6037.89,-1152.5
6037.89,-1152.0
6037.89,-1151.5
6037.89,-1151.0
6037.89,-1150.5
6037.89,-1150.0
6037.89,-1149.5
6037.89,-1149.0
6037.89,-1148.5
6037.89,-1148.0
6037.89,-1147.5
6037.89,-1147.0
6037.89,-1146.5
6037.89,-1146.0
6037.89,-1145.5
6037.89,-1145.0
6037.89,-1144.5
6037.89,-1144.0
6037.89,-1143.5
6037.89,-1143.0
6037.89,-1142.5
6037.89,-1142.0
6037.89,-1141.5
6037.89,-1141.0
6037.89,-1140.5
6037.89,-1140.0
6037.89,-1139.5
6037.89,-1139.0
6037.89,-1138.5
6037.89,-1138.0
6037.89,-1137.5
6037.89,-1137.0
6037.89,-1136.5
6037.89,-1136.0
6037.89,-1135.5
6037.89,-1135.0
6037.89,-1134.5
6037.89,-1134.0
6037.89,-1133.5
6037.89,-1133.0
6037.89,-1132.5
6037.89,-1132.0
6037.89,-1131.5
6037.89,-1131.0
6037.89,-1130.5
6037.89,-1130.0
6037.89,-1129.5
6037.89,-1129.0
6037.89,-1128.5
6037.89,-1128.0
6037.89,-1127.5
6037.89,-1127.0
6037.89,-1126.5
6037.89,-1126.0
6037.89,-1125.5
6037.89,-1125.0
6037.89,-1124.5
6037.89,-1124.0
6037.89,-1123.5
6037.89,-1123.0
6037.89,-1122.5
6037.89,-1122.0
6037.89,-1121.5
6037.89,-1121.0
6037.89,-1120.5
6037.89,-1120.0
6037.89,-1119.5
6037.89,-1119.0
6037.89,-1118.5
6037.89,-1118.0
6037.89,-1117.5
6037.89,-1117.0
6037.89,-1116.5
6037.89,-1116.0
6037.89,-1115.5
6037.89,-1115.0
6037.89,-1114.5
6037.89,-1114.0
6037.89,-1113.5
6037.89,-1113.0
6037.89,-1112.5
6037.89,-1112.0
6037.89,-1111.5
6037.89,-1111.0
6037.89,-1110.5
6037.89,-1110.0
6037.89,-1109.5
6037.89,-1109.0
6037.89,-1108.5
6037.89,-1108.0
6037.89,-1107.5
6037.89,-1107.0
6037.89,-1106.5
6037.89,-1106.0
6037.89,-1105.5
6037.89,-1105.0
6037.89,-1104.5
6037.89,-1104.0
6037.89,-1103.5
6037.89,-1103.0
6037.89,-1102.5
6037.89,-1102.0
6037.89,-1101.5
6037.89,-1101.0
6037.89,-1100.5
6037.89,-1100.0
6037.89,-1099.5
6037.89,-1099.0
6037.89,-1098.5
6037.89,-1098.0
6037.89,-1097.5
6037.89,-1097.0
6037.89,-1096.5
6037.89,-1096.0
6037.89,-1095.5
6037.89,-1095.0
6037.89,-1094.5
6037.89,-1094.0
6037.89,-1093.5
6037.89,-1093.0
6037.89,-1092.5
6037.89,-1092.0
6037.89,-1091.5
6037.89,-1091.0
6037.89,-1090.5
6037.89,-1090.0
6037.89,-1089.5
6037.89,-1089.0
6037.89,-1088.5
6037.89,-1088.0
6037.89,-1087.5
6037.89,-1087.0
6037.89,-1086.5
6037.89,-1086.0
6037.89,-1085.5
6037.89,-1085.0
6037.89,-1084.5
6037.89,-1084.0
6037.89,-1083.5
6037.89,-1083.0
6037.89,-1082.5
6037.89,-1082.0
6037.89,-1081.5
6037.89,-1081.0
6037.89,-1080.5
6037.89,-1080.0
6037.89,-1079.5
6037.89,-1079.0
6037.89,-1078.5
6037.89,-1078.0
6037.89,-1077.5
6037.89,-1077.0
6037.89,-1076.5
6037.89,-1076.0
6037.89,-1075.5
6037.89,-1075.0
6037.89,-1074.5
6037.89,-1074.0
6037.89,-1073.5
6037.89,-1073.0
6037.89,-1072.5
6037.89,-1072.0
6037.89,-1071.5
6037.89,-1071.0
6037.89,-1070.5
6037.89,-1070.0
6037.89,-1069.5
6037.89,-1069.0
6037.89,-1068.5
6037.89,-1068.0
6037.89,-1067.5
6037.89,-1067.0
6037.89,-1066.5
6037.89,-1066.0
6037.89,-1065.5
6037.89,-1065.0
6037.89,-1064.5
6037.89,-1064.0
6037.89,-1063.5
6037.89,-1063.0
6037.89,-1062.5
6037.89,-1062.0
6037.89,-1061.5
6037.89,-1061.0
6037.89,-1060.5
6037.89,-1060.0
6037.89,-1059.5
6037.89,-1059.0
6037.89,-1058.5
6037.89,-1058.0
6037.89,-1057.5
6037.89,-1057.0
6037.89,-1056.5
6037.89,-1056.0
6037.89,-1055.5
6037.89,-1055.0
6037.89,-1054.5
6037.89,-1054.0
6037.89,-1053.5
6037.89,-1053.0
6037.89,-1052.5
6037.89,-1052.0
6037.89,-1051.5
6037.89,-1051.0
6037.89,-1050.5
6037.89,-1050.0
6037.89,-1049.5
6037.89,-1049.0
6037.89,-1048.5
6037.89,-1048.0
6037.89,-1047.5
6037.89,-1047.0
6037.89,-1046.5
6037.89,-1046.0
6037.89,-1045.5
6037.89,-1045.0
6037.89,-1044.5
6037.89,-1044.0
6037.89,-1043.5
6037.89,-1043.0
6037.89,-1042.5
6037.89,-1042.0
6037.89,-1041.5
6037.89,-1041.0
6037.89,-1040.5
6037.89,-1040.0
6037.89,-1039.5
6037.89,-1039.0
6037.89,-1038.5
6037.89,-1038.0
6037.89,-1037.5
6037.89,-1037.0
6037.89,-1036.5
6037.89,-1036.0
6037.89,-1035.5
6037.89,-1035.0
6037.89,-1034.5
6037.89,-1034.0
6037.89,-1033.5
6037.89,-1033.0
6037.89,-1032.5
6037.89,-1032.0
6037.89,-1031.5
6037.89,-1031.0
6037.89,-1030.5
6037.89,-1030.0
6037.89,-1029.5
6037.89,-1029.0
6037.89,-1028.5
6037.89,-1028.0
6037.89,-1027.5
6037.89,-1027.0
6037.89,-1026.5
6037.89,-1026.0
6037.89,-1025.5
6037.89,-1025.0
6037.89,-1024.5
6037.89,-1024.0
6037.89,-1023.5
6037.89,-1023.0
6037.89,-1022.5
6037.89,-1022.0
6037.89,-1021.5
6037.89,-1021.0
6037.89,-1020.5
6037.89,-1020.0
6037.89,-1019.5
6037.89,-1019.0
6037.89,-1018.5
6037.89,-1018.0
6037.89,-1017.5
6037.89,-1017.0
6037.89,-1016.5
6037.89,-1016.0
6037.89,-1015.5
6037.89,-1015.0
6037.89,-1014.5
6037.89,-1014.0
6037.89,-1013.5
6037.89,-1013.0
6037.89,-1012.5
6037.89,-1012.0
6037.89,-1011.5
6037.89,-1011.0
6037.89,-1010.5
6037.89,-1010.0
6037.89,-1009.5
6037.89,-1009.0
6037.89,-1008.5
6037.89,-1008.0
6037.89,-1007.5
6037.89,-1007.0
6037.89,-1006.5
6037.89,-1006.0
6037.89,-1005.5
6037.89,-1005.0
6037.89,-1004.5
6037.89,-1004.0
6037.89,-1003.5
6037.89,-1003.0
6037.89,-1002.5
6037.89,-1002.0
6037.89,-1001.5
6037.89,-1001.0
6037.89,-1000.5
6037.89,-1000.0
6037.89,-999.5
6037.89,-999.0
6037.89,-998.5
6037.89,-998.0
6037.89,-997.5
6037.89,-997.0
6037.89,-996.5
6037.89,-996.0
6037.89,-995.5
6037.89,-995.0
6037.89,-994.5
6037.89,-994.0
6037.89,-993.5
6037.89,-993.0
6037.89,-992.5
6037.89,-992.0
6037.89,-991.5
6037.89,-991.0
6037.89,-990.5
6037.89,-990.0
6037.89,-989.5
6037.89,-989.0
6037.89,-988.5
6037.89,-988.0
6037.89,-987.5
6037.89,-987.0
6037.89,-986.5
6037.89,-986.0
6037.89,-985.5
6037.89,-985.0
6037.89,-984.5
6037.89,-984.0
6037.89,-983.5
6037.89,-983.0
6037.89,-982.5
6037.89,-982.0
6037.89,-981.5
6037.89,-981.0
6037.89,-980.5
6037.89,-980.0
6037.89,-979.5
6037.89,-979.0
6037.89,-978.5
6037.89,-978.0
6037.89,-977.5
6037.89,-977.0
6037.89,-976.5
6037.89,-976.0
6037.89,-975.5
6037.89,-975.0
6037.89,-974.5
6037.89,-974.0
6037.89,-973.5
6037.89,-973.0
6037.89,-972.5
6037.89,-972.0
6037.89,-971.5
6037.89,-971.0
6037.89,-970.5
6037.89,-970.0
6037.89,-969.5
6037.89,-969.0
6037.89,-968.5
6037.89,-968.0
6037.89,-967.5
6037.89,-967.0
6037.89,-966.5
6037.89,-966.0
6037.89,-965.5
6037.89,-965.0
6037.89,-964.5
6037.89,-964.0
6037.89,-963.5
6037.89,-963.0
6037.89,-962.5
6037.89,-962.0
6037.89,-961.5
6037.89,-961.0
6037.89,-960.5
6037.89,-960.0
6037.89,-959.5
6037.89,-959.0
6037.89,-958.5
6037.89,-958.0
6037.89,-957.5
6037.89,-957.0
6037.89,-956.5
6037.89,-956.0
6037.89,-955.5
6037.89,-955.0
6037.89,-954.5
6037.89,-954.0
6037.89,-953.5
6037.89,-953.0
6037.89,-952.5
6037.89,-952.0
6037.89,-951.5
6037.89,-951.0
6037.89,-950.5
6037.89,-950.0
6037.89,-949.5
6037.89,-949.0
6037.89,-948.5
6037.89,-948.0
6037.89,-947.5
6037.89,-947.0
6037.89,-946.5
6037.89,-946.0
6037.89,-945.5
6037.89,-945.0
6037.89,-944.5
6037.89,-944.0
6037.89,-943.5
6037.89,-943.0
6037.89,-942.5
6037.89,-942.0
6037.89,-941.5
6037.89,-941.0
6037.89,-940.5
6037.89,-940.0
6037.89,-939.5
6037.89,-939.0
6037.89,-938.5
6037.89,-938.0
6037.89,-937.5
6037.89,-937.0
6037.89,-936.5
6037.89,-936.0
6037.89,-935.5
6037.89,-935.0
6037.89,-934.5
6037.89,-934.0
6037.89,-933.5
6037.89,-933.0
6037.89,-932.5
6037.89,-932.0
6037.89,-931.5
6037.89,-931.0
6037.89,-930.5
6037.89,-930.0
6037.89,-929.5
6037.89,-929.0
6037.89,-928.5
6037.89,-928.0
6037.89,-927.5
6037.89,-927.0
6037.89,-926.5
6037.89,-926.0
6037.89,-925.5
6037.89,-925.0
6037.89,-924.5
6037.89,-924.0
6037.89,-923.5
6037.89,-923.0
6037.89,-922.5
6037.89,-922.0
6037.89,-921.5
6037.89,-921.0
6037.89,-920.5
6037.89,-920.0
6037.89,-919.5
6037.89,-919.0
6037.89,-918.5
6037.89,-918.0
6037.89,-917.5
6037.89,-917.0
6037.89,-916.5
6037.89,-916.0
6037.89,-915.5
6037.89,-915.0
6037.89,-914.5
6037.89,-914.0
6037.89,-913.5
6037.89,-913.0
6037.89,-912.5
6037.89,-912.0
6037.89,-911.5
6037.89,-911.0
6037.89,-910.5
6037.89,-910.0
6037.89,-909.5
6037.89,-909.0
6037.89,-908.5
6037.89,-908.0
6037.89,-907.5
6037.89,-907.0
6037.89,-906.5
6037.89,-906.0
6037.89,-905.5
6037.89,-905.0
6037.89,-904.5
6037.89,-904.0
6037.89,-903.5
6037.89,-903.0
6037.89,-902.5
6037.89,-902.0
6037.89,-901.5
6037.89,-901.0
6037.89,-900.5
6037.89,-900.0
6037.89,-899.5
6037.89,-899.0
6037.89,-898.5
6037.89,-898.0
6037.89,-897.5
6037.89,-897.0
6037.89,-896.5
6037.89,-896.0
6037.89,-895.5
6037.89,-895.0
6037.89,-894.5
6037.89,-894.0
6037.89,-893.5
6037.89,-893.0
6037.89,-892.5
6037.89,-892.0
6037.89,-891.5
6037.89,-891.0
6037.89,-890.5
6037.89,-890.0
6037.89,-889.5
6037.89,-889.0
6037.89,-888.5
6037.89,-888.0
6037.89,-887.5
6037.89,-887.0
6037.89,-886.5
6037.89,-886.0
6037.89,-885.5
6037.89,-885.0
6037.89,-884.5
6037.89,-884.0
6037.89,-883.5
6037.89,-883.0
6037.89,-882.5
6037.89,-882.0
6037.89,-881.5
6037.89,-881.0
6037.89,-880.5
6037.89,-880.0
6037.89,-879.5
6037.89,-879.0
6037.89,-878.5
6037.89,-878.0
6037.89,-877.5
6037.89,-877.0
6037.89,-876.5
6037.89,-876.0
6037.89,-875.5
6037.89,-875.0
6037.89,-874.5
6037.89,-874.0
6037.89,-873.5
6037.89,-873.0
6037.89,-872.5
6037.89,-872.0
6037.89,-871.5
6037.89,-871.0
6037.89,-870.5
6037.89,-870.0
6037.89,-869.5
6037.89,-869.0
6037.89,-868.5
6037.89,-868.0
6037.89,-867.5
6037.89,-867.0
6037.89,-866.5
6037.89,-866.0
6037.89,-865.5
6037.89,-865.0
6037.89,-864.5
6037.89,-864.0
6037.89,-863.5
6037.89,-863.0
6037.89,-862.5
6037.89,-862.0
6037.89,-861.5
6037.89,-861.0
6037.89,-860.5
6037.89,-860.0
6037.89,-859.5
6037.89,-859.0
6037.89,-858.5
6037.89,-858.0
6037.89,-857.5
6037.89,-857.0
6037.89,-856.5
6037.89,-856.0
6037.89,-855.5
6037.89,-855.0
6037.89,-854.5
6037.89,-854.0
6037.89,-853.5
6037.89,-853.0
6037.89,-852.5
6037.89,-852.0
6037.89,-851.5
6037.89,-851.0
6037.89,-850.5
6037.89,-850.0
6037.89,-849.5
6037.89,-849.0
6037.89,-848.5
6037.89,-848.0
6037.89,-847.5
6037.89,-847.0
6037.89,-846.5
6037.89,-846.0
6037.89,-845.5
6037.89,-845.0
6037.89,-844.5
6037.89,-844.0
6037.89,-843.5
6037.89,-843.0
6037.89,-842.5
6037.89,-842.0
6037.89,-841.5
6037.89,-841.0
6037.89,-840.5
6037.89,-840.0
6037.89,-839.5
6037.89,-839.0
6037.89,-838.5
6037.89,-838.0
6037.89,-837.5
6037.89,-837.0
6037.89,-836.5
6037.89,-836.0
6037.89,-835.5
6037.89,-835.0
6037.89,-834.5
6037.89,-834.0
6037.89,-833.5
6037.89,-833.0
6037.89,-832.5
6037.89,-832.0
6037.89,-831.5
6037.89,-831.0
6037.89,-830.5
6037.89,-830.0
6037.89,-829.5
6037.89,-829.0
6037.89,-828.5
6037.89,-828.0
6037.89,-827.5
6037.89,-827.0
6037.89,-826.5
6037.89,-826.0
6037.89,-825.5
6037.89,-825.0
6037.89,-824.5
6037.89,-824.0
6037.89,-823.5
6037.89,-823.0
6037.89,-822.5
6037.89,-822.0
6037.89,-821.5
6037.89,-821.0
6037.89,-820.5
6037.89,-820.0
6037.89,-819.5
6037.89,-819.0
6037.89,-818.5
6037.89,-818.0
6037.89,-817.5
6037.89,-817.0
6037.89,-816.5
6037.89,-816.0
6037.89,-815.5
6037.89,-815.0
6037.89,-814.5
6037.89,-814.0
6037.89,-813.5
6037.89,-813.0
6037.89,-812.5
6037.89,-812.0
6037.89,-811.5
6037.89,-811.0
6037.89,-810.5
6037.89,-810.0
6037.89,-809.5
6037.89,-809.0
6037.89,-808.5
6037.89,-808.0
6037.89,-807.5
6037.89,-807.0
6037.89,-806.5
6037.89,-806.0
6037.89,-805.5
6037.89,-805.0
6037.89,-804.5
6037.89,-804.0
6037.89,-803.5
6037.89,-803.0
6037.89,-802.5
6037.89,-802.0
6037.89,-801.5
6037.89,-801.0
6037.89,-800.5
6037.89,-800.0
6037.89,-799.5
6037.89,-799.0
6037.89,-798.5
6037.89,-798.0
6037.89,-797.5
6037.89,-797.0
6037.89,-796.5
6037.89,-796.0
6037.89,-795.5
6037.89,-795.0
6037.89,-794.5
6037.89,-794.0
6037.89,-793.5
6037.89,-793.0
6037.89,-792.5
6037.89,-792.0
6037.89,-791.5
6037.89,-791.0
6037.89,-790.5
6037.89,-790.0
6037.89,-789.5
6037.89,-789.0
6037.89,-788.5
6037.89,-788.0
6037.89,-787.5
6037.89,-787.0
6037.89,-786.5
6037.89,-786.0
6037.89,-785.5
6037.89,-785.0
6037.89,-784.5
6037.89,-784.0
6037.89,-783.5
6037.89,-783.0
6037.89,-782.5
6037.89,-782.0
6037.89,-781.5
6037.89,-781.0
6037.89,-780.5
6037.89,-780.0
6037.89,-779.5
6037.89,-779.0
6037.89,-778.5
6037.89,-778.0
6037.89,-777.5
6037.89,-777.0
6037.89,-776.5
6037.89,-776.0
6037.89,-775.5
6037.89,-775.0
6037.89,-774.5
6037.89,-774.0
6037.89,-773.5
6037.89,-773.0
6037.89,-772.5
6037.89,-772.0
6037.89,-771.5
6037.89,-771.0
6037.89,-770.5
6037.89,-770.0
6037.89,-769.5
6037.89,-769.0
6037.89,-768.5
6037.89,-768.0
6037.89,-767.5
6037.89,-767.0
6037.89,-766.5
6037.89,-766.0
6037.89,-765.5
6037.89,-765.0
6037.89,-764.5
6037.89,-764.0
6037.89,-763.5
6037.89,-763.0
6037.89,-762.5
6037.89,-762.0
6037.89,-761.5
6037.89,-761.0
6037.89,-760.5
6037.89,-760.0
6037.89,-759.5
6037.89,-759.0
6037.89,-758.5
6037.89,-758.0
6037.89,-757.5
6037.89,-757.0
6037.89,-756.5
6037.89,-756.0
6037.89,-755.5
6037.89,-755.0
6037.89,-754.5
6037.89,-754.0
6037.89,-753.5
6037.89,-753.0
6037.89,-752.5
6037.89,-752.0
6037.89,-751.5
6037.89,-751.0
6037.89,-750.5
6037.89,-750.0
6037.89,-749.5
6037.89,-749.0
6037.89,-748.5
6037.89,-748.0
6037.89,-747.5
6037.89,-747.0
6037.89,-746.5
6037.89,-746.0
6037.89,-745.5
6037.89,-745.0
6037.89,-744.5
6037.89,-744.0
6037.89,-743.5
6037.89,-743.0
6037.89,-742.5
6037.89,-742.0
6037.89,-741.5
6037.89,-741.0
6037.89,-740.5
6037.89,-740.0
6037.89,-739.5
6037.89,-739.0
6037.89,-738.5
6037.89,-738.0
6037.89,-737.5
6037.89,-737.0
6037.89,-736.5
6037.89,-736.0
6037.89,-735.5
6037.89,-735.0
6037.89,-734.5
6037.89,-734.0
6037.89,-733.5
6037.89,-733.0
6037.89,-732.5
6037.89,-732.0
6037.89,-731.5
6037.89,-731.0
6037.89,-730.5
6037.89,-730.0
6037.89,-729.5
6037.89,-729.0
6037.89,-728.5
6037.89,-728.0
6037.89,-727.5
6037.89,-727.0
6037.89,-726.5
6037.89,-726.0
6037.89,-725.5
6037.89,-725.0
6037.89,-724.5
6037.89,-724.0
6037.89,-723.5
6037.89,-723.0
6037.89,-722.5
6037.89,-722.0
6037.89,-721.5
6037.89,-721.0
6037.89,-720.5
6037.89,-720.0
6037.89,-719.5
6037.89,-719.0
6037.89,-718.5
6037.89,-718.0
6037.89,-717.5
6037.89,-717.0
6037.89,-716.5
6037.89,-716.0
6037.89,-715.5
6037.89,-715.0
6037.89,-714.5
6037.89,-714.0
6037.89,-713.5
6037.89,-713.0
6037.89,-712.5
6037.89,-712.0
6037.89,-711.5
6037.89,-711.0
6037.89,-710.5
6037.89,-710.0
6037.89,-709.5
6037.89,-709.0
6037.89,-708.5
6037.89,-708.0
6037.89,-707.5
6037.89,-707.0
6037.89,-706.5
6037.89,-706.0
6037.89,-705.5
6037.89,-705.0
6037.89,-704.5
6037.89,-704.0
6037.89,-703.5
6037.89,-703.0
6037.89,-702.5
6037.89,-702.0
6037.89,-701.5
6037.89,-701.0
6037.89,-700.5
6037.89,-700.0
6037.89,-699.5
6037.89,-699.0
6037.89,-698.5
6037.89,-698.0
6037.89,-697.5
6037.89,-697.0
6037.89,-696.5
6037.89,-696.0
6037.89,-695.5
6037.89,-695.0
6037.89,-694.5
6037.89,-694.0
6037.89,-693.5
6037.89,-693.0
6037.89,-692.5
6037.89,-692.0
6037.89,-691.5
6037.89,-691.0
6037.89,-690.5
6037.89,-690.0
6037.89,-689.5
6037.89,-689.0
6037.89,-688.5
6037.89,-688.0
6037.89,-687.5
6037.89,-687.0
6037.89,-686.5
6037.89,-686.0
6037.89,-685.5
6037.89,-685.0
6037.89,-684.5
6037.89,-684.0
6037.89,-683.5
6037.89,-683.0
6037.89,-682.5
6037.89,-682.0
6037.89,-681.5
6037.89,-681.0
6037.89,-680.5
6037.89,-680.0
6037.89,-679.5
6037.89,-679.0
6037.89,-678.5
6037.89,-678.0
6037.89,-677.5
6037.89,-677.0
6037.89,-676.5
6037.89,-676.0
6037.89,-675.5
6037.89,-675.0
6037.89,-674.5
6037.89,-674.0
6037.89,-673.5
6037.89,-673.0
6037.89,-672.5
6037.89,-672.0
6037.89,-671.5
6037.89,-671.0
6037.89,-670.5
6037.89,-670.0
6037.89,-669.5
6037.89,-669.0
6037.89,-668.5
6037.89,-668.0
6037.89,-667.5
6037.89,-667.0
6037.89,-666.5
6037.89,-666.0
6037.89,-665.5
6037.89,-665.0
6037.89,-664.5
6037.89,-664.0
6037.89,-663.5
6037.89,-663.0
6037.89,-662.5
6037.89,-662.0
6037.89,-661.5
6037.89,-661.0
6037.89,-660.5
6037.89,-660.0
6037.89,-659.5
6037.89,-659.0
6037.89,-658.5
6037.89,-658.0
6037.89,-657.5
6037.89,-657.0
6037.89,-656.5
6037.89,-656.0
6037.89,-655.5
6037.89,-655.0
6037.89,-654.5
6037.89,-654.0
6037.89,-653.5
6037.89,-653.0
6037.89,-652.5
6037.89,-652.0
6037.89,-651.5
6037.89,-651.0
6037.89,-650.5
6037.89,-650.0
6037.89,-649.5
6037.89,-649.0
6037.89,-648.5
6037.89,-648.0
6037.89,-647.5
6037.89,-647.0
6037.89,-646.5
6037.89,-646.0
6037.89,-645.5
6037.89,-645.0
6037.89,-644.5
6037.89,-644.0
6037.89,-643.5
6037.89,-643.0
6037.89,-642.5
6037.89,-642.0
6037.89,-641.5
6037.89,-641.0
6037.89,-640.5
6037.89,-640.0
6037.89,-639.5
6037.89,-639.0
6037.89,-638.5
6037.89,-638.0
6037.89,-637.5
6037.89,-637.0
6037.89,-636.5
6037.89,-636.0
6037.89,-635.5
6037.89,-635.0
6037.89,-634.5
6037.89,-634.0
6037.89,-633.5
6037.89,-633.0
6037.89,-632.5
6037.89,-632.0
6037.89,-631.5
6037.89,-631.0
6037.89,-630.5
6037.89,-630.0
6037.89,-629.5
6037.89,-629.0
6037.89,-628.5
6037.89,-628.0
6037.89,-627.5
6037.89,-627.0
6037.89,-626.5
6037.89,-626.0
6037.89,-625.5
6037.89,-625.0
6037.89,-624.5
6037.89,-624.0
6037.89,-623.5
6037.89,-623.0
6037.89,-622.5
6037.89,-622.0
6037.89,-621.5
6037.89,-621.0
6037.89,-620.5
6037.89,-620.0
6037.89,-619.5
6037.89,-619.0
6037.89,-618.5
6037.89,-618.0
6037.89,-617.5
6037.89,-617.0
6037.89,-616.5
6037.89,-616.0
6037.89,-615.5
6037.89,-615.0
6037.89,-614.5
6037.89,-614.0
6037.89,-613.5
6037.89,-613.0
6037.89,-612.5
6037.89,-612.0
6037.89,-611.5
6037.89,-611.0
6037.89,-610.5
6037.89,-610.0
6037.89,-609.5
6037.89,-609.0
6037.89,-608.5
6037.89,-608.0
6037.89,-607.5
6037.89,-607.0
6037.89,-606.5
6037.89,-606.0
6037.89,-605.5
6037.89,-605.0
6037.89,-604.5
6037.89,-604.0
6037.89,-603.5
6037.89,-603.0
6037.89,-602.5
6037.89,-602.0
6037.89,-601.5
6037.89,-601.0
6037.89,-600.5
6037.89,-600.0
6037.89,-599.5
6037.89,-599.0
6037.89,-598.5
6037.89,-598.0
6037.89,-597.5
6037.89,-597.0
6037.89,-596.5
6037.89,-596.0
6037.89,-595.5
6037.89,-595.0
6037.89,-594.5
6037.89,-594.0
6037.89,-593.5
6037.89,-593.0
6037.89,-592.5
6037.89,-592.0
6037.89,-591.5
6037.89,-591.0
6037.89,-590.5
6037.89,-590.0
6037.89,-589.5
6037.89,-589.0
6037.89,-588.5
6037.89,-588.0
6037.89,-587.5
6037.89,-587.0
6037.89,-586.5
6037.89,-586.0
6037.89,-585.5
6037.89,-585.0
6037.89,-584.5
6037.89,-584.0
6037.89,-583.5
6037.89,-583.0
6037.89,-582.5
6037.89,-582.0
6037.89,-581.5
6037.89,-581.0
6037.89,-580.5
6037.89,-580.0
6037.89,-579.5
6037.89,-579.0
6037.89,-578.5
6037.89,-578.0
6037.89,-577.5
6037.89,-577.0
6037.89,-576.5
6037.89,-576.0
6037.89,-575.5
6037.89,-575.0
6037.89,-574.5
6037.89,-574.0
6037.89,-573.5
6037.89,-573.0
6037.89,-572.5
6037.89,-572.0
6037.89,-571.5
6037.89,-571.0
6037.89,-570.5
6037.89,-570.0
6037.89,-569.5
6037.89,-569.0
6037.89,-568.5
6037.89,-568.0
6037.89,-567.5
6037.89,-567.0
6037.89,-566.5
6037.89,-566.0
6037.89,-565.5
6037.89,-565.0
6037.89,-564.5
6037.89,-564.0
6037.89,-563.5
6037.89,-563.0
6037.89,-562.5
6037.89,-562.0
6037.89,-561.5
6037.89,-561.0
6037.89,-560.5
6037.89,-560.0
6037.89,-559.5
6037.89,-559.0
6037.89,-558.5
6037.89,-558.0
6037.89,-557.5
6037.89,-557.0
6037.89,-556.5
6037.89,-556.0
6037.89,-555.5
6037.89,-555.0
6037.89,-554.5
6037.89,-554.0
6037.89,-553.5
6037.89,-553.0
6037.89,-552.5
6037.89,-552.0
6037.89,-551.5
6037.89,-551.0
6037.89,-550.5
6037.89,-550.0
6037.89,-549.5
6037.89,-549.0
6037.89,-548.5
6037.89,-548.0
6037.89,-547.5
6037.89,-547.0
6037.89,-546.5
6037.89,-546.0
6037.89,-545.5
6037.89,-545.0
6037.89,-544.5
6037.89,-544.0
6037.89,-543.5
6037.89,-543.0
6037.89,-542.5
6037.89,-542.0
6037.89,-541.5
6037.89,-541.0
6037.89,-540.5
6037.89,-540.0
6037.89,-539.5
6037.89,-539.0
6037.89,-538.5
6037.89,-538.0
6037.89,-537.5
6037.89,-537.0
6037.89,-536.5
6037.89,-536.0
6037.89,-535.5
6037.89,-535.0
6037.89,-534.5
6037.89,-534.0
6037.89,-533.5
6037.89,-533.0
6037.89,-532.5
6037.89,-532.0
6037.89,-531.5
6037.89,-531.0
6037.89,-530.5
6037.89,-530.0
6037.89,-529.5
6037.89,-529.0
6037.89,-528.5
6037.89,-528.0
6037.89,-527.5
6037.89,-527.0
6037.89,-526.5
6037.89,-526.0
6037.89,-525.5
6037.89,-525.0
6037.89,-524.5
6037.89,-524.0
6037.89,-523.5
6037.89,-523.0
6037.89,-522.5
6037.89,-522.0
6037.89,-521.5
6037.89,-521.0
6037.89,-520.5
6037.89,-520.0
6037.89,-519.5
6037.89,-519.0
6037.89,-518.5
6037.89,-518.0
6037.89,-517.5
6037.89,-517.0
6037.89,-516.5
6037.89,-516.0
6037.89,-515.5
6037.89,-515.0
6037.89,-514.5
6037.89,-514.0
6037.89,-513.5
6037.89,-513.0
6037.89,-512.5
6037.89,-512.0
6037.89,-511.5
6037.89,-511.0
6037.89,-510.5
6037.89,-510.0
6037.89,-509.5
6037.89,-509.0
6037.89,-508.5
6037.89,-508.0
6037.89,-507.5
6037.89,-507.0
6037.89,-506.5
6037.89,-506.0
6037.89,-505.5
6037.89,-505.0
6037.89,-504.5
6037.89,-504.0
6037.89,-503.5
6037.89,-503.0
6037.89,-502.5
6037.89,-502.0
6037.89,-501.5
6037.89,-501.0
6037.89,-500.5
